,YEAR,CAMPUS,CNAME,MEETS,COURSE
956,22,57803003,UPLIFT EDUCATIO,38.0,STAAR - 3rd Reading
957,22,57803008,UPLIFT MIGHTY S,31.0,STAAR - 3rd Reading
958,22,57803017,UPLIFT ASCEND,32.0,STAAR - 3rd Reading
959,22,57803018,UPLIFT ELEVATE,26.0,STAAR - 3rd Reading
961,22,57803102,UPLIFT EDUCATIO,53.0,STAAR - 3rd Reading
962,22,57803103,UPLIFT GRADUS P,53.0,STAAR - 3rd Reading
963,22,57803104,UPLIFT HEIGHTS,39.0,STAAR - 3rd Reading
964,22,57803105,UPLIFT PINNACLE,31.0,STAAR - 3rd Reading
965,22,57803106,UPLIFT TRIUMPH,37.0,STAAR - 3rd Reading
966,22,57803107,UPLIFT LUNA PRE,39.0,STAAR - 3rd Reading
967,22,57803108,UPLIFT MERIDIAN,33.0,STAAR - 3rd Reading
968,22,57803109,UPLIFT SUMMIT I,50.0,STAAR - 3rd Reading
969,22,57803110,UPLIFT ATLAS PR,44.0,STAAR - 3rd Reading
970,22,57803111,UPLIFT HAMPTON,40.0,STAAR - 3rd Reading
971,22,57803112,UPLIFT WILLIAMS,33.0,STAAR - 3rd Reading
972,22,57803114,UPLIFT WHITE RO,38.0,STAAR - 3rd Reading
977,22,57807001,LIFE SCHOOL OAK,27.0,STAAR - 3rd Reading
981,22,57807105,LIFE SCHOOL MOU,39.0,STAAR - 3rd Reading
1067,22,57905101,JOHN Q ADAMS EL,33.0,STAAR - 3rd Reading
1071,22,57905107,JOSE 'JOE' MAY,20.0,STAAR - 3rd Reading
1072,22,57905108,BAYLES EL,12.0,STAAR - 3rd Reading
1074,22,57905110,ANNIE WEBB BLAN,36.0,STAAR - 3rd Reading
1076,22,57905114,JOHN NEELY BRYA,20.0,STAAR - 3rd Reading
1078,22,57905116,DAVID G BURNET,59.0,STAAR - 3rd Reading
1085,22,57905125,CASA VIEW EL,49.0,STAAR - 3rd Reading
1091,22,57905133,BARBARA JORDAN,41.0,STAAR - 3rd Reading
1093,22,57905135,EVERETTE LEE DE,73.0,STAAR - 3rd Reading
1097,22,57905141,JILL STONE EL A,33.0,STAAR - 3rd Reading
1112,22,57905161,SYLVIA MENDEZ C,24.0,STAAR - 3rd Reading
1113,22,57905162,MOCKINGBIRD EL,74.0,STAAR - 3rd Reading
1114,22,57905163,CEDAR CREST EL,23.0,STAAR - 3rd Reading
1117,22,57905167,KLEBERG EL,52.0,STAAR - 3rd Reading
1118,22,57905168,OBADIAH KNIGHT,30.0,STAAR - 3rd Reading
1121,22,57905171,LAKEWOOD EL,96.0,STAAR - 3rd Reading
1123,22,57905173,JESUS MOROLES E,55.0,STAAR - 3rd Reading
1124,22,57905174,GENEVA HEIGHTS,62.0,STAAR - 3rd Reading
1130,22,57905181,MAPLE LAWN EL,35.0,STAAR - 3rd Reading
1131,22,57905182,HERBERT MARCUS,42.0,STAAR - 3rd Reading
1134,22,57905185,WILLIAM B MILLE,43.0,STAAR - 3rd Reading
1141,22,57905192,JOHN F PEELER E,44.0,STAAR - 3rd Reading
1143,22,57905194,K B POLK CENTER,34.0,STAAR - 3rd Reading
1147,22,57905199,REINHARDT EL,53.0,STAAR - 3rd Reading
1149,22,57905202,ORAN M ROBERTS,38.0,STAAR - 3rd Reading
1152,22,57905205,CLINTON P RUSSE,30.0,STAAR - 3rd Reading
1153,22,57905206,ALEX SANGER PRE,65.0,STAAR - 3rd Reading
1158,22,57905211,STEVENS PARK EL,35.0,STAAR - 3rd Reading
1162,22,57905216,EDWARD TITCHE E,28.0,STAAR - 3rd Reading
1163,22,57905218,GEORGE W TRUETT,48.0,STAAR - 3rd Reading
1165,22,57905220,MARK TWAIN SCHO,71.0,STAAR - 3rd Reading
1167,22,57905224,WALNUT HILL EL,63.0,STAAR - 3rd Reading
1173,22,57905233,NATHAN ADAMS EL,41.0,STAAR - 3rd Reading
1179,22,57905240,FRANK GUZICK EL,13.0,STAAR - 3rd Reading
1180,22,57905244,SEAGOVILLE NORT,23.0,STAAR - 3rd Reading
1189,22,57905271,JULIAN T SALDIV,22.0,STAAR - 3rd Reading
1196,22,57905278,LEONIDES GONZAL,6.0,STAAR - 3rd Reading
1197,22,57905279,JERRY R JUNKINS,47.0,STAAR - 3rd Reading
1205,22,57905301,WILMER-HUTCHINS,24.0,STAAR - 3rd Reading
1206,22,57905303,THELMA ELIZABET,38.0,STAAR - 3rd Reading
1209,22,57905306,SOLAR PREPARATO,79.0,STAAR - 3rd Reading
1214,22,57905386,SOLAR PREP FOR,69.0,STAAR - 3rd Reading
1224,22,57907106,CLINT Q SMITH E,26.0,STAAR - 3rd Reading
1242,22,57909119,BRADFIELD EL,53.0,STAAR - 3rd Reading
1291,22,57910129,THURGOOD MARSHA,57.0,STAAR - 3rd Reading
1364,22,57916104,GREENWOOD HILLS,46.0,STAAR - 3rd Reading
1374,22,57916114,STULTS ROAD EL,29.0,STAAR - 3rd Reading
1383,22,57916124,SPRINGRIDGE EL,51.0,STAAR - 3rd Reading
1385,22,57916126,SKYVIEW EL,22.0,STAAR - 3rd Reading
1394,22,57916135,AIKIN EL,18.0,STAAR - 3rd Reading
1397,22,57916143,FOREST LANE ACA,29.0,STAAR - 3rd Reading
1398,22,57916144,AUDELIA CREEK E,12.0,STAAR - 3rd Reading
1400,22,57916146,THURGOOD MARSHA,35.0,STAAR - 3rd Reading
2740,22,108807187,IDEA ACHIEVE AC,48.0,STAAR - 3rd Reading
2753,22,108807302,IDEA EDGECLIFF,49.0,STAAR - 3rd Reading
3828,22,220901103,CROW LEADERSHIP,25.0,STAAR - 3rd Reading
3841,22,220901125,DUNN EL,41.0,STAAR - 3rd Reading
3876,22,220901165,MCNUTT EL,33.0,STAAR - 3rd Reading
3906,22,220905105,WEST HANDLEY EL,22.0,STAAR - 3rd Reading
3911,22,220905115,GEORGE CLARKE E,44.0,STAAR - 3rd Reading
3921,22,220905125,EASTERN HILLS E,30.0,STAAR - 3rd Reading
3923,22,220905127,CHRISTENE C MOS,30.0,STAAR - 3rd Reading
3924,22,220905129,JOHN T WHITE EL,34.0,STAAR - 3rd Reading
3928,22,220905134,GREENBRIAR EL,27.0,STAAR - 3rd Reading
3940,22,220905150,OAKHURST EL,45.0,STAAR - 3rd Reading
3943,22,220905153,A M PATE EL,22.0,STAAR - 3rd Reading
3944,22,220905154,M L PHILLIPS EL,15.0,STAAR - 3rd Reading
3966,22,220905187,J T STEVENS EL,44.0,STAAR - 3rd Reading
3972,22,220905208,T A SIMS EL,37.0,STAAR - 3rd Reading
3977,22,220905222,CLIFFORD DAVIS,20.0,STAAR - 3rd Reading
3995,22,220907102,FLORENCE EL,82.0,STAAR - 3rd Reading
4046,22,220912103,DEER CREEK EL,51.0,STAAR - 3rd Reading
4056,22,220912113,DAVID L WALKER,41.0,STAAR - 3rd Reading
4059,22,220914102,JAMES F DELANEY,56.0,STAAR - 3rd Reading
4091,22,220918101,L A GILILLAND E,48.0,STAAR - 3rd Reading
4108,22,220919101,JACK D JOHNSON,88.0,STAAR - 3rd Reading
4241,22,227820301,KIPP DESTINY EL,25.0,STAAR - 3rd Reading
4242,22,227820302,KIPP TRUTH EL,14.0,STAAR - 3rd Reading
4243,22,227820303,KIPP PLEASANT G,24.0,STAAR - 3rd Reading
956,22,57803003,UPLIFT EDUCATIO,36.0,STAAR - 3rd Math
957,22,57803008,UPLIFT MIGHTY S,9.0,STAAR - 3rd Math
958,22,57803017,UPLIFT ASCEND,30.0,STAAR - 3rd Math
959,22,57803018,UPLIFT ELEVATE,12.0,STAAR - 3rd Math
961,22,57803102,UPLIFT EDUCATIO,53.0,STAAR - 3rd Math
962,22,57803103,UPLIFT GRADUS P,47.0,STAAR - 3rd Math
963,22,57803104,UPLIFT HEIGHTS,26.0,STAAR - 3rd Math
964,22,57803105,UPLIFT PINNACLE,22.0,STAAR - 3rd Math
965,22,57803106,UPLIFT TRIUMPH,29.0,STAAR - 3rd Math
966,22,57803107,UPLIFT LUNA PRE,17.0,STAAR - 3rd Math
967,22,57803108,UPLIFT MERIDIAN,17.0,STAAR - 3rd Math
968,22,57803109,UPLIFT SUMMIT I,34.0,STAAR - 3rd Math
969,22,57803110,UPLIFT ATLAS PR,30.0,STAAR - 3rd Math
970,22,57803111,UPLIFT HAMPTON,30.0,STAAR - 3rd Math
971,22,57803112,UPLIFT WILLIAMS,28.0,STAAR - 3rd Math
972,22,57803114,UPLIFT WHITE RO,32.0,STAAR - 3rd Math
977,22,57807001,LIFE SCHOOL OAK,13.0,STAAR - 3rd Math
981,22,57807105,LIFE SCHOOL MOU,24.0,STAAR - 3rd Math
1067,22,57905101,JOHN Q ADAMS EL,37.0,STAAR - 3rd Math
1071,22,57905107,JOSE 'JOE' MAY,41.0,STAAR - 3rd Math
1072,22,57905108,BAYLES EL,12.0,STAAR - 3rd Math
1074,22,57905110,ANNIE WEBB BLAN,66.0,STAAR - 3rd Math
1076,22,57905114,JOHN NEELY BRYA,7.0,STAAR - 3rd Math
1078,22,57905116,DAVID G BURNET,42.0,STAAR - 3rd Math
1085,22,57905125,CASA VIEW EL,50.0,STAAR - 3rd Math
1091,22,57905133,BARBARA JORDAN,30.0,STAAR - 3rd Math
1093,22,57905135,EVERETTE LEE DE,70.0,STAAR - 3rd Math
1097,22,57905141,JILL STONE EL A,11.0,STAAR - 3rd Math
1112,22,57905161,SYLVIA MENDEZ C,28.0,STAAR - 3rd Math
1113,22,57905162,MOCKINGBIRD EL,64.0,STAAR - 3rd Math
1114,22,57905163,CEDAR CREST EL,30.0,STAAR - 3rd Math
1117,22,57905167,KLEBERG EL,34.0,STAAR - 3rd Math
1118,22,57905168,OBADIAH KNIGHT,52.0,STAAR - 3rd Math
1121,22,57905171,LAKEWOOD EL,92.0,STAAR - 3rd Math
1123,22,57905173,JESUS MOROLES E,26.0,STAAR - 3rd Math
1124,22,57905174,GENEVA HEIGHTS,40.0,STAAR - 3rd Math
1130,22,57905181,MAPLE LAWN EL,44.0,STAAR - 3rd Math
1131,22,57905182,HERBERT MARCUS,31.0,STAAR - 3rd Math
1134,22,57905185,WILLIAM B MILLE,33.0,STAAR - 3rd Math
1141,22,57905192,JOHN F PEELER E,36.0,STAAR - 3rd Math
1143,22,57905194,K B POLK CENTER,23.0,STAAR - 3rd Math
1147,22,57905199,REINHARDT EL,46.0,STAAR - 3rd Math
1149,22,57905202,ORAN M ROBERTS,33.0,STAAR - 3rd Math
1152,22,57905205,CLINTON P RUSSE,34.0,STAAR - 3rd Math
1153,22,57905206,ALEX SANGER PRE,50.0,STAAR - 3rd Math
1158,22,57905211,STEVENS PARK EL,25.0,STAAR - 3rd Math
1162,22,57905216,EDWARD TITCHE E,24.0,STAAR - 3rd Math
1163,22,57905218,GEORGE W TRUETT,43.0,STAAR - 3rd Math
1165,22,57905220,MARK TWAIN SCHO,33.0,STAAR - 3rd Math
1167,22,57905224,WALNUT HILL EL,50.0,STAAR - 3rd Math
1173,22,57905233,NATHAN ADAMS EL,27.0,STAAR - 3rd Math
1179,22,57905240,FRANK GUZICK EL,21.0,STAAR - 3rd Math
1180,22,57905244,SEAGOVILLE NORT,20.0,STAAR - 3rd Math
1189,22,57905271,JULIAN T SALDIV,37.0,STAAR - 3rd Math
1196,22,57905278,LEONIDES GONZAL,17.0,STAAR - 3rd Math
1197,22,57905279,JERRY R JUNKINS,53.0,STAAR - 3rd Math
1205,22,57905301,WILMER-HUTCHINS,27.0,STAAR - 3rd Math
1206,22,57905303,THELMA ELIZABET,21.0,STAAR - 3rd Math
1209,22,57905306,SOLAR PREPARATO,53.0,STAAR - 3rd Math
1214,22,57905386,SOLAR PREP FOR,59.0,STAAR - 3rd Math
1224,22,57907106,CLINT Q SMITH E,0.0,STAAR - 3rd Math
1242,22,57909119,BRADFIELD EL,60.0,STAAR - 3rd Math
1291,22,57910129,THURGOOD MARSHA,47.0,STAAR - 3rd Math
1364,22,57916104,GREENWOOD HILLS,30.0,STAAR - 3rd Math
1374,22,57916114,STULTS ROAD EL,33.0,STAAR - 3rd Math
1383,22,57916124,SPRINGRIDGE EL,40.0,STAAR - 3rd Math
1385,22,57916126,SKYVIEW EL,20.0,STAAR - 3rd Math
1394,22,57916135,AIKIN EL,21.0,STAAR - 3rd Math
1397,22,57916143,FOREST LANE ACA,22.0,STAAR - 3rd Math
1398,22,57916144,AUDELIA CREEK E,15.0,STAAR - 3rd Math
1400,22,57916146,THURGOOD MARSHA,22.0,STAAR - 3rd Math
2740,22,108807187,IDEA ACHIEVE AC,50.0,STAAR - 3rd Math
2753,22,108807302,IDEA EDGECLIFF,46.0,STAAR - 3rd Math
3828,22,220901103,CROW LEADERSHIP,20.0,STAAR - 3rd Math
3841,22,220901125,DUNN EL,23.0,STAAR - 3rd Math
3876,22,220901165,MCNUTT EL,24.0,STAAR - 3rd Math
3906,22,220905105,WEST HANDLEY EL,7.0,STAAR - 3rd Math
3911,22,220905115,GEORGE CLARKE E,33.0,STAAR - 3rd Math
3921,22,220905125,EASTERN HILLS E,22.0,STAAR - 3rd Math
3923,22,220905127,CHRISTENE C MOS,34.0,STAAR - 3rd Math
3924,22,220905129,JOHN T WHITE EL,31.0,STAAR - 3rd Math
3928,22,220905134,GREENBRIAR EL,15.0,STAAR - 3rd Math
3940,22,220905150,OAKHURST EL,43.0,STAAR - 3rd Math
3943,22,220905153,A M PATE EL,8.0,STAAR - 3rd Math
3944,22,220905154,M L PHILLIPS EL,10.0,STAAR - 3rd Math
3966,22,220905187,J T STEVENS EL,22.0,STAAR - 3rd Math
3972,22,220905208,T A SIMS EL,35.0,STAAR - 3rd Math
3977,22,220905222,CLIFFORD DAVIS,8.0,STAAR - 3rd Math
3995,22,220907102,FLORENCE EL,79.0,STAAR - 3rd Math
4046,22,220912103,DEER CREEK EL,38.0,STAAR - 3rd Math
4056,22,220912113,DAVID L WALKER,52.0,STAAR - 3rd Math
4059,22,220914102,JAMES F DELANEY,48.0,STAAR - 3rd Math
4091,22,220918101,L A GILILLAND E,46.0,STAAR - 3rd Math
4108,22,220919101,JACK D JOHNSON,81.0,STAAR - 3rd Math
4241,22,227820301,KIPP DESTINY EL,7.0,STAAR - 3rd Math
4242,22,227820302,KIPP TRUTH EL,6.0,STAAR - 3rd Math
4243,22,227820303,KIPP PLEASANT G,10.0,STAAR - 3rd Math
953,22,57803003,UPLIFT EDUCATIO,38.0,STAAR - 4th Reading
954,22,57803008,UPLIFT MIGHTY S,30.0,STAAR - 4th Reading
955,22,57803017,UPLIFT ASCEND,40.0,STAAR - 4th Reading
956,22,57803018,UPLIFT ELEVATE,44.0,STAAR - 4th Reading
958,22,57803102,UPLIFT EDUCATIO,42.0,STAAR - 4th Reading
959,22,57803103,UPLIFT GRADUS P,43.0,STAAR - 4th Reading
960,22,57803104,UPLIFT HEIGHTS,45.0,STAAR - 4th Reading
961,22,57803105,UPLIFT PINNACLE,23.0,STAAR - 4th Reading
962,22,57803106,UPLIFT TRIUMPH,42.0,STAAR - 4th Reading
963,22,57803107,UPLIFT LUNA PRE,37.0,STAAR - 4th Reading
964,22,57803108,UPLIFT MERIDIAN,40.0,STAAR - 4th Reading
965,22,57803109,UPLIFT SUMMIT I,51.0,STAAR - 4th Reading
966,22,57803110,UPLIFT ATLAS PR,26.0,STAAR - 4th Reading
967,22,57803111,UPLIFT HAMPTON,34.0,STAAR - 4th Reading
968,22,57803112,UPLIFT WILLIAMS,24.0,STAAR - 4th Reading
969,22,57803114,UPLIFT WHITE RO,51.0,STAAR - 4th Reading
973,22,57807001,LIFE SCHOOL OAK,26.0,STAAR - 4th Reading
977,22,57807105,LIFE SCHOOL MOU,17.0,STAAR - 4th Reading
1064,22,57905101,JOHN Q ADAMS EL,28.0,STAAR - 4th Reading
1068,22,57905107,JOSE 'JOE' MAY,22.0,STAAR - 4th Reading
1069,22,57905108,BAYLES EL,32.0,STAAR - 4th Reading
1071,22,57905110,ANNIE WEBB BLAN,39.0,STAAR - 4th Reading
1073,22,57905114,JOHN NEELY BRYA,33.0,STAAR - 4th Reading
1075,22,57905116,DAVID G BURNET,47.0,STAAR - 4th Reading
1082,22,57905125,CASA VIEW EL,45.0,STAAR - 4th Reading
1088,22,57905133,BARBARA JORDAN,37.0,STAAR - 4th Reading
1090,22,57905135,EVERETTE LEE DE,65.0,STAAR - 4th Reading
1094,22,57905141,JILL STONE EL A,34.0,STAAR - 4th Reading
1109,22,57905161,SYLVIA MENDEZ C,24.0,STAAR - 4th Reading
1110,22,57905162,MOCKINGBIRD EL,70.0,STAAR - 4th Reading
1111,22,57905163,CEDAR CREST EL,24.0,STAAR - 4th Reading
1114,22,57905167,KLEBERG EL,38.0,STAAR - 4th Reading
1115,22,57905168,OBADIAH KNIGHT,31.0,STAAR - 4th Reading
1118,22,57905171,LAKEWOOD EL,92.0,STAAR - 4th Reading
1120,22,57905173,JESUS MOROLES E,55.0,STAAR - 4th Reading
1121,22,57905174,GENEVA HEIGHTS,41.0,STAAR - 4th Reading
1127,22,57905181,MAPLE LAWN EL,23.0,STAAR - 4th Reading
1128,22,57905182,HERBERT MARCUS,33.0,STAAR - 4th Reading
1131,22,57905185,WILLIAM B MILLE,50.0,STAAR - 4th Reading
1138,22,57905192,JOHN F PEELER E,54.0,STAAR - 4th Reading
1140,22,57905194,K B POLK CENTER,46.0,STAAR - 4th Reading
1144,22,57905199,REINHARDT EL,43.0,STAAR - 4th Reading
1146,22,57905202,ORAN M ROBERTS,55.0,STAAR - 4th Reading
1149,22,57905205,CLINTON P RUSSE,22.0,STAAR - 4th Reading
1150,22,57905206,ALEX SANGER PRE,72.0,STAAR - 4th Reading
1155,22,57905211,STEVENS PARK EL,43.0,STAAR - 4th Reading
1159,22,57905216,EDWARD TITCHE E,39.0,STAAR - 4th Reading
1161,22,57905218,GEORGE W TRUETT,44.0,STAAR - 4th Reading
1163,22,57905220,MARK TWAIN SCHO,63.0,STAAR - 4th Reading
1165,22,57905224,WALNUT HILL EL,62.0,STAAR - 4th Reading
1171,22,57905233,NATHAN ADAMS EL,63.0,STAAR - 4th Reading
1177,22,57905240,FRANK GUZICK EL,24.0,STAAR - 4th Reading
1178,22,57905244,SEAGOVILLE NORT,29.0,STAAR - 4th Reading
1187,22,57905271,JULIAN T SALDIV,33.0,STAAR - 4th Reading
1194,22,57905278,LEONIDES GONZAL,53.0,STAAR - 4th Reading
1195,22,57905279,JERRY R JUNKINS,62.0,STAAR - 4th Reading
1203,22,57905301,WILMER-HUTCHINS,47.0,STAAR - 4th Reading
1204,22,57905303,THELMA ELIZABET,47.0,STAAR - 4th Reading
1207,22,57905306,SOLAR PREPARATO,73.0,STAAR - 4th Reading
1214,22,57905386,SOLAR PREP FOR,61.0,STAAR - 4th Reading
1224,22,57907106,CLINT Q SMITH E,27.0,STAAR - 4th Reading
1242,22,57909119,BRADFIELD EL,46.0,STAAR - 4th Reading
1291,22,57910129,THURGOOD MARSHA,54.0,STAAR - 4th Reading
1364,22,57916104,GREENWOOD HILLS,53.0,STAAR - 4th Reading
1374,22,57916114,STULTS ROAD EL,36.0,STAAR - 4th Reading
1383,22,57916124,SPRINGRIDGE EL,49.0,STAAR - 4th Reading
1385,22,57916126,SKYVIEW EL,30.0,STAAR - 4th Reading
1394,22,57916135,AIKIN EL,45.0,STAAR - 4th Reading
1397,22,57916143,FOREST LANE ACA,29.0,STAAR - 4th Reading
1398,22,57916144,AUDELIA CREEK E,25.0,STAAR - 4th Reading
1400,22,57916146,THURGOOD MARSHA,40.0,STAAR - 4th Reading
2733,22,108807187,IDEA ACHIEVE AC,61.0,STAAR - 4th Reading
3807,22,220901103,CROW LEADERSHIP,35.0,STAAR - 4th Reading
3820,22,220901125,DUNN EL,51.0,STAAR - 4th Reading
3855,22,220901165,MCNUTT EL,35.0,STAAR - 4th Reading
3886,22,220905105,WEST HANDLEY EL,38.0,STAAR - 4th Reading
3891,22,220905115,GEORGE CLARKE E,47.0,STAAR - 4th Reading
3901,22,220905125,EASTERN HILLS E,25.0,STAAR - 4th Reading
3903,22,220905127,CHRISTENE C MOS,33.0,STAAR - 4th Reading
3904,22,220905129,JOHN T WHITE EL,29.0,STAAR - 4th Reading
3908,22,220905134,GREENBRIAR EL,34.0,STAAR - 4th Reading
3920,22,220905150,OAKHURST EL,46.0,STAAR - 4th Reading
3923,22,220905153,A M PATE EL,34.0,STAAR - 4th Reading
3924,22,220905154,M L PHILLIPS EL,22.0,STAAR - 4th Reading
3946,22,220905187,J T STEVENS EL,34.0,STAAR - 4th Reading
3952,22,220905208,T A SIMS EL,33.0,STAAR - 4th Reading
3957,22,220905222,CLIFFORD DAVIS,14.0,STAAR - 4th Reading
3975,22,220907102,FLORENCE EL,85.0,STAAR - 4th Reading
4026,22,220912103,DEER CREEK EL,53.0,STAAR - 4th Reading
4036,22,220912113,DAVID L WALKER,64.0,STAAR - 4th Reading
4039,22,220914102,JAMES F DELANEY,53.0,STAAR - 4th Reading
4070,22,220918101,L A GILILLAND E,39.0,STAAR - 4th Reading
4087,22,220919101,JACK D JOHNSON,91.0,STAAR - 4th Reading
4221,22,227820301,KIPP DESTINY EL,27.0,STAAR - 4th Reading
4222,22,227820302,KIPP TRUTH EL,29.0,STAAR - 4th Reading
4223,22,227820303,KIPP PLEASANT G,25.0,STAAR - 4th Reading
953,22,57803003,UPLIFT EDUCATIO,32.0,STAAR - 4th Math
954,22,57803008,UPLIFT MIGHTY S,21.0,STAAR - 4th Math
955,22,57803017,UPLIFT ASCEND,17.0,STAAR - 4th Math
956,22,57803018,UPLIFT ELEVATE,5.0,STAAR - 4th Math
958,22,57803102,UPLIFT EDUCATIO,28.0,STAAR - 4th Math
959,22,57803103,UPLIFT GRADUS P,25.0,STAAR - 4th Math
960,22,57803104,UPLIFT HEIGHTS,25.0,STAAR - 4th Math
961,22,57803105,UPLIFT PINNACLE,4.0,STAAR - 4th Math
962,22,57803106,UPLIFT TRIUMPH,32.0,STAAR - 4th Math
963,22,57803107,UPLIFT LUNA PRE,23.0,STAAR - 4th Math
964,22,57803108,UPLIFT MERIDIAN,14.0,STAAR - 4th Math
965,22,57803109,UPLIFT SUMMIT I,38.0,STAAR - 4th Math
966,22,57803110,UPLIFT ATLAS PR,8.0,STAAR - 4th Math
967,22,57803111,UPLIFT HAMPTON,17.0,STAAR - 4th Math
968,22,57803112,UPLIFT WILLIAMS,15.0,STAAR - 4th Math
969,22,57803114,UPLIFT WHITE RO,43.0,STAAR - 4th Math
973,22,57807001,LIFE SCHOOL OAK,14.0,STAAR - 4th Math
977,22,57807105,LIFE SCHOOL MOU,17.0,STAAR - 4th Math
1064,22,57905101,JOHN Q ADAMS EL,33.0,STAAR - 4th Math
1068,22,57905107,JOSE 'JOE' MAY,18.0,STAAR - 4th Math
1069,22,57905108,BAYLES EL,34.0,STAAR - 4th Math
1071,22,57905110,ANNIE WEBB BLAN,65.0,STAAR - 4th Math
1073,22,57905114,JOHN NEELY BRYA,10.0,STAAR - 4th Math
1075,22,57905116,DAVID G BURNET,33.0,STAAR - 4th Math
1082,22,57905125,CASA VIEW EL,44.0,STAAR - 4th Math
1088,22,57905133,BARBARA JORDAN,14.0,STAAR - 4th Math
1090,22,57905135,EVERETTE LEE DE,58.0,STAAR - 4th Math
1094,22,57905141,JILL STONE EL A,18.0,STAAR - 4th Math
1109,22,57905161,SYLVIA MENDEZ C,41.0,STAAR - 4th Math
1110,22,57905162,MOCKINGBIRD EL,63.0,STAAR - 4th Math
1111,22,57905163,CEDAR CREST EL,24.0,STAAR - 4th Math
1114,22,57905167,KLEBERG EL,24.0,STAAR - 4th Math
1115,22,57905168,OBADIAH KNIGHT,46.0,STAAR - 4th Math
1118,22,57905171,LAKEWOOD EL,84.0,STAAR - 4th Math
1120,22,57905173,JESUS MOROLES E,40.0,STAAR - 4th Math
1121,22,57905174,GENEVA HEIGHTS,18.0,STAAR - 4th Math
1127,22,57905181,MAPLE LAWN EL,41.0,STAAR - 4th Math
1128,22,57905182,HERBERT MARCUS,32.0,STAAR - 4th Math
1131,22,57905185,WILLIAM B MILLE,17.0,STAAR - 4th Math
1138,22,57905192,JOHN F PEELER E,33.0,STAAR - 4th Math
1140,22,57905194,K B POLK CENTER,28.0,STAAR - 4th Math
1144,22,57905199,REINHARDT EL,40.0,STAAR - 4th Math
1146,22,57905202,ORAN M ROBERTS,23.0,STAAR - 4th Math
1149,22,57905205,CLINTON P RUSSE,28.0,STAAR - 4th Math
1150,22,57905206,ALEX SANGER PRE,51.0,STAAR - 4th Math
1155,22,57905211,STEVENS PARK EL,33.0,STAAR - 4th Math
1159,22,57905216,EDWARD TITCHE E,44.0,STAAR - 4th Math
1161,22,57905218,GEORGE W TRUETT,30.0,STAAR - 4th Math
1163,22,57905220,MARK TWAIN SCHO,59.0,STAAR - 4th Math
1165,22,57905224,WALNUT HILL EL,51.0,STAAR - 4th Math
1171,22,57905233,NATHAN ADAMS EL,31.0,STAAR - 4th Math
1177,22,57905240,FRANK GUZICK EL,26.0,STAAR - 4th Math
1178,22,57905244,SEAGOVILLE NORT,23.0,STAAR - 4th Math
1187,22,57905271,JULIAN T SALDIV,14.0,STAAR - 4th Math
1194,22,57905278,LEONIDES GONZAL,41.0,STAAR - 4th Math
1195,22,57905279,JERRY R JUNKINS,48.0,STAAR - 4th Math
1203,22,57905301,WILMER-HUTCHINS,29.0,STAAR - 4th Math
1204,22,57905303,THELMA ELIZABET,23.0,STAAR - 4th Math
1207,22,57905306,SOLAR PREPARATO,46.0,STAAR - 4th Math
1214,22,57905386,SOLAR PREP FOR,60.0,STAAR - 4th Math
1224,22,57907106,CLINT Q SMITH E,6.0,STAAR - 4th Math
1242,22,57909119,BRADFIELD EL,36.0,STAAR - 4th Math
1291,22,57910129,THURGOOD MARSHA,47.0,STAAR - 4th Math
1364,22,57916104,GREENWOOD HILLS,40.0,STAAR - 4th Math
1374,22,57916114,STULTS ROAD EL,18.0,STAAR - 4th Math
1383,22,57916124,SPRINGRIDGE EL,36.0,STAAR - 4th Math
1385,22,57916126,SKYVIEW EL,17.0,STAAR - 4th Math
1394,22,57916135,AIKIN EL,14.0,STAAR - 4th Math
1397,22,57916143,FOREST LANE ACA,20.0,STAAR - 4th Math
1398,22,57916144,AUDELIA CREEK E,10.0,STAAR - 4th Math
1400,22,57916146,THURGOOD MARSHA,27.0,STAAR - 4th Math
2733,22,108807187,IDEA ACHIEVE AC,43.0,STAAR - 4th Math
3807,22,220901103,CROW LEADERSHIP,31.0,STAAR - 4th Math
3820,22,220901125,DUNN EL,26.0,STAAR - 4th Math
3855,22,220901165,MCNUTT EL,29.0,STAAR - 4th Math
3886,22,220905105,WEST HANDLEY EL,16.0,STAAR - 4th Math
3891,22,220905115,GEORGE CLARKE E,28.0,STAAR - 4th Math
3901,22,220905125,EASTERN HILLS E,19.0,STAAR - 4th Math
3903,22,220905127,CHRISTENE C MOS,11.0,STAAR - 4th Math
3904,22,220905129,JOHN T WHITE EL,16.0,STAAR - 4th Math
3908,22,220905134,GREENBRIAR EL,22.0,STAAR - 4th Math
3920,22,220905150,OAKHURST EL,61.0,STAAR - 4th Math
3923,22,220905153,A M PATE EL,19.0,STAAR - 4th Math
3924,22,220905154,M L PHILLIPS EL,12.0,STAAR - 4th Math
3946,22,220905187,J T STEVENS EL,10.0,STAAR - 4th Math
3952,22,220905208,T A SIMS EL,16.0,STAAR - 4th Math
3957,22,220905222,CLIFFORD DAVIS,5.0,STAAR - 4th Math
3975,22,220907102,FLORENCE EL,71.0,STAAR - 4th Math
4026,22,220912103,DEER CREEK EL,43.0,STAAR - 4th Math
4036,22,220912113,DAVID L WALKER,30.0,STAAR - 4th Math
4039,22,220914102,JAMES F DELANEY,30.0,STAAR - 4th Math
4070,22,220918101,L A GILILLAND E,21.0,STAAR - 4th Math
4087,22,220919101,JACK D JOHNSON,85.0,STAAR - 4th Math
4221,22,227820301,KIPP DESTINY EL,7.0,STAAR - 4th Math
4222,22,227820302,KIPP TRUTH EL,6.0,STAAR - 4th Math
4223,22,227820303,KIPP PLEASANT G,4.0,STAAR - 4th Math
908,22,57803003,UPLIFT EDUCATIO,43.0,STAAR - 5th Reading
909,22,57803008,UPLIFT MIGHTY S,45.0,STAAR - 5th Reading
910,22,57803017,UPLIFT ASCEND,41.0,STAAR - 5th Reading
911,22,57803018,UPLIFT ELEVATE,48.0,STAAR - 5th Reading
913,22,57803102,UPLIFT EDUCATIO,55.0,STAAR - 5th Reading
914,22,57803103,UPLIFT GRADUS P,61.0,STAAR - 5th Reading
915,22,57803104,UPLIFT HEIGHTS,49.0,STAAR - 5th Reading
916,22,57803105,UPLIFT PINNACLE,43.0,STAAR - 5th Reading
917,22,57803106,UPLIFT TRIUMPH,42.0,STAAR - 5th Reading
918,22,57803107,UPLIFT LUNA PRE,44.0,STAAR - 5th Reading
919,22,57803108,UPLIFT MERIDIAN,37.0,STAAR - 5th Reading
920,22,57803109,UPLIFT SUMMIT I,58.0,STAAR - 5th Reading
921,22,57803110,UPLIFT ATLAS PR,42.0,STAAR - 5th Reading
922,22,57803111,UPLIFT HAMPTON,43.0,STAAR - 5th Reading
923,22,57803112,UPLIFT WILLIAMS,41.0,STAAR - 5th Reading
924,22,57803114,UPLIFT WHITE RO,49.0,STAAR - 5th Reading
928,22,57807001,LIFE SCHOOL OAK,29.0,STAAR - 5th Reading
932,22,57807105,LIFE SCHOOL MOU,43.0,STAAR - 5th Reading
1017,22,57905101,JOHN Q ADAMS EL,26.0,STAAR - 5th Reading
1021,22,57905107,JOSE 'JOE' MAY,18.0,STAAR - 5th Reading
1022,22,57905108,BAYLES EL,43.0,STAAR - 5th Reading
1024,22,57905110,ANNIE WEBB BLAN,39.0,STAAR - 5th Reading
1026,22,57905114,JOHN NEELY BRYA,46.0,STAAR - 5th Reading
1028,22,57905116,DAVID G BURNET,57.0,STAAR - 5th Reading
1035,22,57905125,CASA VIEW EL,61.0,STAAR - 5th Reading
1041,22,57905133,BARBARA JORDAN,77.0,STAAR - 5th Reading
1043,22,57905135,EVERETTE LEE DE,46.0,STAAR - 5th Reading
1047,22,57905141,JILL STONE EL A,36.0,STAAR - 5th Reading
1062,22,57905161,SYLVIA MENDEZ C,53.0,STAAR - 5th Reading
1063,22,57905162,MOCKINGBIRD EL,73.0,STAAR - 5th Reading
1064,22,57905163,CEDAR CREST EL,27.0,STAAR - 5th Reading
1067,22,57905167,KLEBERG EL,38.0,STAAR - 5th Reading
1068,22,57905168,OBADIAH KNIGHT,41.0,STAAR - 5th Reading
1071,22,57905171,LAKEWOOD EL,95.0,STAAR - 5th Reading
1073,22,57905173,JESUS MOROLES E,64.0,STAAR - 5th Reading
1074,22,57905174,GENEVA HEIGHTS,53.0,STAAR - 5th Reading
1080,22,57905181,MAPLE LAWN EL,29.0,STAAR - 5th Reading
1081,22,57905182,HERBERT MARCUS,32.0,STAAR - 5th Reading
1084,22,57905185,WILLIAM B MILLE,60.0,STAAR - 5th Reading
1091,22,57905192,JOHN F PEELER E,46.0,STAAR - 5th Reading
1093,22,57905194,K B POLK CENTER,46.0,STAAR - 5th Reading
1097,22,57905199,REINHARDT EL,48.0,STAAR - 5th Reading
1099,22,57905202,ORAN M ROBERTS,35.0,STAAR - 5th Reading
1102,22,57905205,CLINTON P RUSSE,36.0,STAAR - 5th Reading
1103,22,57905206,ALEX SANGER PRE,71.0,STAAR - 5th Reading
1108,22,57905211,STEVENS PARK EL,63.0,STAAR - 5th Reading
1112,22,57905216,EDWARD TITCHE E,39.0,STAAR - 5th Reading
1114,22,57905218,GEORGE W TRUETT,36.0,STAAR - 5th Reading
1116,22,57905220,MARK TWAIN SCHO,54.0,STAAR - 5th Reading
1118,22,57905224,WALNUT HILL EL,62.0,STAAR - 5th Reading
1124,22,57905233,NATHAN ADAMS EL,63.0,STAAR - 5th Reading
1130,22,57905240,FRANK GUZICK EL,45.0,STAAR - 5th Reading
1131,22,57905244,SEAGOVILLE NORT,46.0,STAAR - 5th Reading
1140,22,57905271,JULIAN T SALDIV,31.0,STAAR - 5th Reading
1147,22,57905278,LEONIDES GONZAL,33.0,STAAR - 5th Reading
1148,22,57905279,JERRY R JUNKINS,62.0,STAAR - 5th Reading
1156,22,57905301,WILMER-HUTCHINS,39.0,STAAR - 5th Reading
1157,22,57905303,THELMA ELIZABET,66.0,STAAR - 5th Reading
1160,22,57905306,SOLAR PREPARATO,87.0,STAAR - 5th Reading
1167,22,57905386,SOLAR PREP FOR,66.0,STAAR - 5th Reading
1189,22,57909119,BRADFIELD EL,74.0,STAAR - 5th Reading
1238,22,57910129,THURGOOD MARSHA,79.0,STAAR - 5th Reading
1307,22,57916104,GREENWOOD HILLS,43.0,STAAR - 5th Reading
1317,22,57916114,STULTS ROAD EL,41.0,STAAR - 5th Reading
1326,22,57916124,SPRINGRIDGE EL,50.0,STAAR - 5th Reading
1328,22,57916126,SKYVIEW EL,45.0,STAAR - 5th Reading
1337,22,57916135,AIKIN EL,41.0,STAAR - 5th Reading
1340,22,57916143,FOREST LANE ACA,30.0,STAAR - 5th Reading
1341,22,57916144,AUDELIA CREEK E,14.0,STAAR - 5th Reading
1343,22,57916146,THURGOOD MARSHA,46.0,STAAR - 5th Reading
2614,22,108807302,IDEA EDGECLIFF,57.0,STAAR - 5th Reading
3626,22,220901103,CROW LEADERSHIP,39.0,STAAR - 5th Reading
3639,22,220901125,DUNN EL,38.0,STAAR - 5th Reading
3674,22,220901165,MCNUTT EL,41.0,STAAR - 5th Reading
3705,22,220905105,WEST HANDLEY EL,31.0,STAAR - 5th Reading
3710,22,220905115,GEORGE CLARKE E,38.0,STAAR - 5th Reading
3720,22,220905125,EASTERN HILLS E,35.0,STAAR - 5th Reading
3722,22,220905127,CHRISTENE C MOS,33.0,STAAR - 5th Reading
3723,22,220905129,JOHN T WHITE EL,31.0,STAAR - 5th Reading
3727,22,220905134,GREENBRIAR EL,54.0,STAAR - 5th Reading
3739,22,220905150,OAKHURST EL,46.0,STAAR - 5th Reading
3742,22,220905153,A M PATE EL,45.0,STAAR - 5th Reading
3743,22,220905154,M L PHILLIPS EL,48.0,STAAR - 5th Reading
3765,22,220905187,J T STEVENS EL,48.0,STAAR - 5th Reading
3771,22,220905208,T A SIMS EL,32.0,STAAR - 5th Reading
3776,22,220905222,CLIFFORD DAVIS,29.0,STAAR - 5th Reading
3797,22,220907102,FLORENCE EL,,STAAR - 5th Reading
3812,22,220908201,MARY ORR INT,66.0,STAAR - 5th Reading
3813,22,220908202,CROSS TIMBERS I,37.0,STAAR - 5th Reading
3824,22,220912103,DEER CREEK EL,66.0,STAAR - 5th Reading
3834,22,220912113,DAVID L WALKER,54.0,STAAR - 5th Reading
3865,22,220918101,L A GILILLAND E,56.0,STAAR - 5th Reading
4013,22,227820071,KIPP TRUTH ACAD,38.0,STAAR - 5th Reading
4014,22,227820072,KIPP DESTINY MI,33.0,STAAR - 5th Reading
4018,22,227820303,KIPP PLEASANT G,40.0,STAAR - 5th Reading
908,22,57803003,UPLIFT EDUCATIO,43.0,STAAR - 5th Math
909,22,57803008,UPLIFT MIGHTY S,24.0,STAAR - 5th Math
910,22,57803017,UPLIFT ASCEND,24.0,STAAR - 5th Math
911,22,57803018,UPLIFT ELEVATE,30.0,STAAR - 5th Math
913,22,57803102,UPLIFT EDUCATIO,41.0,STAAR - 5th Math
914,22,57803103,UPLIFT GRADUS P,40.0,STAAR - 5th Math
915,22,57803104,UPLIFT HEIGHTS,46.0,STAAR - 5th Math
916,22,57803105,UPLIFT PINNACLE,35.0,STAAR - 5th Math
917,22,57803106,UPLIFT TRIUMPH,30.0,STAAR - 5th Math
918,22,57803107,UPLIFT LUNA PRE,36.0,STAAR - 5th Math
919,22,57803108,UPLIFT MERIDIAN,18.0,STAAR - 5th Math
920,22,57803109,UPLIFT SUMMIT I,39.0,STAAR - 5th Math
921,22,57803110,UPLIFT ATLAS PR,35.0,STAAR - 5th Math
922,22,57803111,UPLIFT HAMPTON,38.0,STAAR - 5th Math
923,22,57803112,UPLIFT WILLIAMS,48.0,STAAR - 5th Math
924,22,57803114,UPLIFT WHITE RO,37.0,STAAR - 5th Math
928,22,57807001,LIFE SCHOOL OAK,18.0,STAAR - 5th Math
932,22,57807105,LIFE SCHOOL MOU,31.0,STAAR - 5th Math
1017,22,57905101,JOHN Q ADAMS EL,19.0,STAAR - 5th Math
1021,22,57905107,JOSE 'JOE' MAY,29.0,STAAR - 5th Math
1022,22,57905108,BAYLES EL,47.0,STAAR - 5th Math
1024,22,57905110,ANNIE WEBB BLAN,67.0,STAAR - 5th Math
1026,22,57905114,JOHN NEELY BRYA,31.0,STAAR - 5th Math
1028,22,57905116,DAVID G BURNET,40.0,STAAR - 5th Math
1035,22,57905125,CASA VIEW EL,62.0,STAAR - 5th Math
1041,22,57905133,BARBARA JORDAN,51.0,STAAR - 5th Math
1043,22,57905135,EVERETTE LEE DE,50.0,STAAR - 5th Math
1047,22,57905141,JILL STONE EL A,28.0,STAAR - 5th Math
1062,22,57905161,SYLVIA MENDEZ C,50.0,STAAR - 5th Math
1063,22,57905162,MOCKINGBIRD EL,73.0,STAAR - 5th Math
1064,22,57905163,CEDAR CREST EL,40.0,STAAR - 5th Math
1067,22,57905167,KLEBERG EL,28.0,STAAR - 5th Math
1068,22,57905168,OBADIAH KNIGHT,51.0,STAAR - 5th Math
1071,22,57905171,LAKEWOOD EL,84.0,STAAR - 5th Math
1073,22,57905173,JESUS MOROLES E,44.0,STAAR - 5th Math
1074,22,57905174,GENEVA HEIGHTS,31.0,STAAR - 5th Math
1080,22,57905181,MAPLE LAWN EL,37.0,STAAR - 5th Math
1081,22,57905182,HERBERT MARCUS,31.0,STAAR - 5th Math
1084,22,57905185,WILLIAM B MILLE,47.0,STAAR - 5th Math
1091,22,57905192,JOHN F PEELER E,43.0,STAAR - 5th Math
1093,22,57905194,K B POLK CENTER,39.0,STAAR - 5th Math
1097,22,57905199,REINHARDT EL,46.0,STAAR - 5th Math
1099,22,57905202,ORAN M ROBERTS,14.0,STAAR - 5th Math
1102,22,57905205,CLINTON P RUSSE,45.0,STAAR - 5th Math
1103,22,57905206,ALEX SANGER PRE,64.0,STAAR - 5th Math
1108,22,57905211,STEVENS PARK EL,45.0,STAAR - 5th Math
1112,22,57905216,EDWARD TITCHE E,53.0,STAAR - 5th Math
1114,22,57905218,GEORGE W TRUETT,48.0,STAAR - 5th Math
1116,22,57905220,MARK TWAIN SCHO,48.0,STAAR - 5th Math
1118,22,57905224,WALNUT HILL EL,55.0,STAAR - 5th Math
1124,22,57905233,NATHAN ADAMS EL,55.0,STAAR - 5th Math
1130,22,57905240,FRANK GUZICK EL,36.0,STAAR - 5th Math
1131,22,57905244,SEAGOVILLE NORT,25.0,STAAR - 5th Math
1140,22,57905271,JULIAN T SALDIV,17.0,STAAR - 5th Math
1147,22,57905278,LEONIDES GONZAL,60.0,STAAR - 5th Math
1148,22,57905279,JERRY R JUNKINS,37.0,STAAR - 5th Math
1156,22,57905301,WILMER-HUTCHINS,51.0,STAAR - 5th Math
1157,22,57905303,THELMA ELIZABET,42.0,STAAR - 5th Math
1160,22,57905306,SOLAR PREPARATO,49.0,STAAR - 5th Math
1167,22,57905386,SOLAR PREP FOR,46.0,STAAR - 5th Math
1189,22,57909119,BRADFIELD EL,66.0,STAAR - 5th Math
1238,22,57910129,THURGOOD MARSHA,55.0,STAAR - 5th Math
1307,22,57916104,GREENWOOD HILLS,41.0,STAAR - 5th Math
1317,22,57916114,STULTS ROAD EL,12.0,STAAR - 5th Math
1326,22,57916124,SPRINGRIDGE EL,43.0,STAAR - 5th Math
1328,22,57916126,SKYVIEW EL,37.0,STAAR - 5th Math
1337,22,57916135,AIKIN EL,43.0,STAAR - 5th Math
1340,22,57916143,FOREST LANE ACA,22.0,STAAR - 5th Math
1341,22,57916144,AUDELIA CREEK E,8.0,STAAR - 5th Math
1343,22,57916146,THURGOOD MARSHA,29.0,STAAR - 5th Math
2614,22,108807302,IDEA EDGECLIFF,40.0,STAAR - 5th Math
3626,22,220901103,CROW LEADERSHIP,30.0,STAAR - 5th Math
3639,22,220901125,DUNN EL,20.0,STAAR - 5th Math
3674,22,220901165,MCNUTT EL,20.0,STAAR - 5th Math
3705,22,220905105,WEST HANDLEY EL,21.0,STAAR - 5th Math
3710,22,220905115,GEORGE CLARKE E,31.0,STAAR - 5th Math
3720,22,220905125,EASTERN HILLS E,23.0,STAAR - 5th Math
3722,22,220905127,CHRISTENE C MOS,19.0,STAAR - 5th Math
3723,22,220905129,JOHN T WHITE EL,28.0,STAAR - 5th Math
3727,22,220905134,GREENBRIAR EL,31.0,STAAR - 5th Math
3739,22,220905150,OAKHURST EL,37.0,STAAR - 5th Math
3742,22,220905153,A M PATE EL,27.0,STAAR - 5th Math
3743,22,220905154,M L PHILLIPS EL,34.0,STAAR - 5th Math
3765,22,220905187,J T STEVENS EL,16.0,STAAR - 5th Math
3771,22,220905208,T A SIMS EL,27.0,STAAR - 5th Math
3776,22,220905222,CLIFFORD DAVIS,27.0,STAAR - 5th Math
3797,22,220907102,FLORENCE EL,100.0,STAAR - 5th Math
3812,22,220908201,MARY ORR INT,63.0,STAAR - 5th Math
3813,22,220908202,CROSS TIMBERS I,25.0,STAAR - 5th Math
3824,22,220912103,DEER CREEK EL,47.0,STAAR - 5th Math
3834,22,220912113,DAVID L WALKER,34.0,STAAR - 5th Math
3865,22,220918101,L A GILILLAND E,27.0,STAAR - 5th Math
4013,22,227820071,KIPP TRUTH ACAD,18.0,STAAR - 5th Math
4014,22,227820072,KIPP DESTINY MI,20.0,STAAR - 5th Math
4018,22,227820303,KIPP PLEASANT G,23.0,STAAR - 5th Math
908,22,57803003,UPLIFT EDUCATIO,21.0,STAAR - 5th Science
909,22,57803008,UPLIFT MIGHTY S,13.0,STAAR - 5th Science
910,22,57803017,UPLIFT ASCEND,15.0,STAAR - 5th Science
911,22,57803018,UPLIFT ELEVATE,16.0,STAAR - 5th Science
913,22,57803102,UPLIFT EDUCATIO,28.0,STAAR - 5th Science
914,22,57803103,UPLIFT GRADUS P,31.0,STAAR - 5th Science
915,22,57803104,UPLIFT HEIGHTS,13.0,STAAR - 5th Science
916,22,57803105,UPLIFT PINNACLE,21.0,STAAR - 5th Science
917,22,57803106,UPLIFT TRIUMPH,8.0,STAAR - 5th Science
918,22,57803107,UPLIFT LUNA PRE,25.0,STAAR - 5th Science
919,22,57803108,UPLIFT MERIDIAN,13.0,STAAR - 5th Science
920,22,57803109,UPLIFT SUMMIT I,15.0,STAAR - 5th Science
921,22,57803110,UPLIFT ATLAS PR,14.0,STAAR - 5th Science
922,22,57803111,UPLIFT HAMPTON,16.0,STAAR - 5th Science
923,22,57803112,UPLIFT WILLIAMS,17.0,STAAR - 5th Science
924,22,57803114,UPLIFT WHITE RO,9.0,STAAR - 5th Science
928,22,57807001,LIFE SCHOOL OAK,14.0,STAAR - 5th Science
932,22,57807105,LIFE SCHOOL MOU,17.0,STAAR - 5th Science
1017,22,57905101,JOHN Q ADAMS EL,6.0,STAAR - 5th Science
1021,22,57905107,JOSE 'JOE' MAY,14.0,STAAR - 5th Science
1022,22,57905108,BAYLES EL,21.0,STAAR - 5th Science
1024,22,57905110,ANNIE WEBB BLAN,26.0,STAAR - 5th Science
1026,22,57905114,JOHN NEELY BRYA,20.0,STAAR - 5th Science
1028,22,57905116,DAVID G BURNET,33.0,STAAR - 5th Science
1035,22,57905125,CASA VIEW EL,64.0,STAAR - 5th Science
1041,22,57905133,BARBARA JORDAN,36.0,STAAR - 5th Science
1043,22,57905135,EVERETTE LEE DE,33.0,STAAR - 5th Science
1047,22,57905141,JILL STONE EL A,18.0,STAAR - 5th Science
1062,22,57905161,SYLVIA MENDEZ C,26.0,STAAR - 5th Science
1063,22,57905162,MOCKINGBIRD EL,46.0,STAAR - 5th Science
1064,22,57905163,CEDAR CREST EL,14.0,STAAR - 5th Science
1067,22,57905167,KLEBERG EL,31.0,STAAR - 5th Science
1068,22,57905168,OBADIAH KNIGHT,34.0,STAAR - 5th Science
1071,22,57905171,LAKEWOOD EL,85.0,STAAR - 5th Science
1073,22,57905173,JESUS MOROLES E,45.0,STAAR - 5th Science
1074,22,57905174,GENEVA HEIGHTS,46.0,STAAR - 5th Science
1080,22,57905181,MAPLE LAWN EL,26.0,STAAR - 5th Science
1081,22,57905182,HERBERT MARCUS,22.0,STAAR - 5th Science
1084,22,57905185,WILLIAM B MILLE,28.0,STAAR - 5th Science
1091,22,57905192,JOHN F PEELER E,32.0,STAAR - 5th Science
1093,22,57905194,K B POLK CENTER,24.0,STAAR - 5th Science
1097,22,57905199,REINHARDT EL,22.0,STAAR - 5th Science
1099,22,57905202,ORAN M ROBERTS,7.0,STAAR - 5th Science
1102,22,57905205,CLINTON P RUSSE,23.0,STAAR - 5th Science
1103,22,57905206,ALEX SANGER PRE,61.0,STAAR - 5th Science
1108,22,57905211,STEVENS PARK EL,35.0,STAAR - 5th Science
1112,22,57905216,EDWARD TITCHE E,29.0,STAAR - 5th Science
1114,22,57905218,GEORGE W TRUETT,36.0,STAAR - 5th Science
1116,22,57905220,MARK TWAIN SCHO,27.0,STAAR - 5th Science
1118,22,57905224,WALNUT HILL EL,24.0,STAAR - 5th Science
1124,22,57905233,NATHAN ADAMS EL,51.0,STAAR - 5th Science
1130,22,57905240,FRANK GUZICK EL,15.0,STAAR - 5th Science
1131,22,57905244,SEAGOVILLE NORT,22.0,STAAR - 5th Science
1140,22,57905271,JULIAN T SALDIV,18.0,STAAR - 5th Science
1147,22,57905278,LEONIDES GONZAL,23.0,STAAR - 5th Science
1148,22,57905279,JERRY R JUNKINS,19.0,STAAR - 5th Science
1156,22,57905301,WILMER-HUTCHINS,31.0,STAAR - 5th Science
1157,22,57905303,THELMA ELIZABET,35.0,STAAR - 5th Science
1160,22,57905306,SOLAR PREPARATO,40.0,STAAR - 5th Science
1167,22,57905386,SOLAR PREP FOR,33.0,STAAR - 5th Science
1189,22,57909119,BRADFIELD EL,40.0,STAAR - 5th Science
1238,22,57910129,THURGOOD MARSHA,46.0,STAAR - 5th Science
1307,22,57916104,GREENWOOD HILLS,27.0,STAAR - 5th Science
1317,22,57916114,STULTS ROAD EL,18.0,STAAR - 5th Science
1326,22,57916124,SPRINGRIDGE EL,27.0,STAAR - 5th Science
1328,22,57916126,SKYVIEW EL,21.0,STAAR - 5th Science
1337,22,57916135,AIKIN EL,36.0,STAAR - 5th Science
1340,22,57916143,FOREST LANE ACA,17.0,STAAR - 5th Science
1341,22,57916144,AUDELIA CREEK E,6.0,STAAR - 5th Science
1343,22,57916146,THURGOOD MARSHA,23.0,STAAR - 5th Science
2614,22,108807302,IDEA EDGECLIFF,37.0,STAAR - 5th Science
3626,22,220901103,CROW LEADERSHIP,8.0,STAAR - 5th Science
3639,22,220901125,DUNN EL,19.0,STAAR - 5th Science
3674,22,220901165,MCNUTT EL,9.0,STAAR - 5th Science
3705,22,220905105,WEST HANDLEY EL,6.0,STAAR - 5th Science
3710,22,220905115,GEORGE CLARKE E,16.0,STAAR - 5th Science
3720,22,220905125,EASTERN HILLS E,15.0,STAAR - 5th Science
3722,22,220905127,CHRISTENE C MOS,4.0,STAAR - 5th Science
3723,22,220905129,JOHN T WHITE EL,8.0,STAAR - 5th Science
3727,22,220905134,GREENBRIAR EL,22.0,STAAR - 5th Science
3739,22,220905150,OAKHURST EL,20.0,STAAR - 5th Science
3742,22,220905153,A M PATE EL,10.0,STAAR - 5th Science
3743,22,220905154,M L PHILLIPS EL,28.0,STAAR - 5th Science
3765,22,220905187,J T STEVENS EL,14.0,STAAR - 5th Science
3771,22,220905208,T A SIMS EL,12.0,STAAR - 5th Science
3776,22,220905222,CLIFFORD DAVIS,5.0,STAAR - 5th Science
3797,22,220907102,FLORENCE EL,,STAAR - 5th Science
3812,22,220908201,MARY ORR INT,48.0,STAAR - 5th Science
3813,22,220908202,CROSS TIMBERS I,22.0,STAAR - 5th Science
3824,22,220912103,DEER CREEK EL,48.0,STAAR - 5th Science
3834,22,220912113,DAVID L WALKER,38.0,STAAR - 5th Science
3865,22,220918101,L A GILILLAND E,26.0,STAAR - 5th Science
4013,22,227820071,KIPP TRUTH ACAD,10.0,STAAR - 5th Science
4014,22,227820072,KIPP DESTINY MI,6.0,STAAR - 5th Science
4018,22,227820303,KIPP PLEASANT G,11.0,STAAR - 5th Science
574,22,57803011,UPLIFT GRAND SE,28.0,STAAR - 6th Reading
575,22,57803012,UPLIFT LUNA SEC,38.0,STAAR - 6th Reading
578,22,57803043,UPLIFT EDUCATIO,37.0,STAAR - 6th Reading
579,22,57803044,UPLIFT HAMPTON,29.0,STAAR - 6th Reading
580,22,57803045,UPLIFT WILLIAMS,39.0,STAAR - 6th Reading
581,22,57803046,UPLIFT HEIGHTS,23.0,STAAR - 6th Reading
582,22,57803047,UPLIFT SUMMIT I,27.0,STAAR - 6th Reading
583,22,57803048,UPLIFT ATLAS PR,29.0,STAAR - 6th Reading
584,22,57803049,UPLIFT MIGHTY M,27.0,STAAR - 6th Reading
585,22,57803050,UPLIFT ELEVATE,47.0,STAAR - 6th Reading
586,22,57803051,UPLIFT ASCEND M,24.0,STAAR - 6th Reading
588,22,57807001,LIFE SCHOOL OAK,29.0,STAAR - 6th Reading
592,22,57807105,LIFE SCHOOL MOU,35.0,STAAR - 6th Reading
654,22,57905035,IRMA RANGEL YOU,77.0,STAAR - 6th Reading
656,22,57905043,T W BROWNE MIDD,18.0,STAAR - 6th Reading
657,22,57905045,E B COMSTOCK MI,16.0,STAAR - 6th Reading
658,22,57905046,YOUNG MEN'S LEA,28.0,STAAR - 6th Reading
660,22,57905048,W H GASTON MIDD,14.0,STAAR - 6th Reading
661,22,57905049,W E GREINER EXP,37.0,STAAR - 6th Reading
664,22,57905052,PIEDMONT GLOBAL,23.0,STAAR - 6th Reading
666,22,57905054,THOMAS C MARSH,19.0,STAAR - 6th Reading
667,22,57905055,THOMAS J RUSK M,22.0,STAAR - 6th Reading
668,22,57905056,EWELL D WALKER,35.0,STAAR - 6th Reading
669,22,57905058,ALEX W SPENCE T,29.0,STAAR - 6th Reading
670,22,57905059,L V STOCKARD MI,23.0,STAAR - 6th Reading
671,22,57905060,BOUDE STOREY MI,25.0,STAAR - 6th Reading
672,22,57905062,BILLY EARL DADE,13.0,STAAR - 6th Reading
673,22,57905069,SEAGOVILLE MIDD,23.0,STAAR - 6th Reading
676,22,57905073,HENRY W LONGFEL,84.0,STAAR - 6th Reading
677,22,57905076,HAROLD WENDELL,23.0,STAAR - 6th Reading
678,22,57905077,HECTOR P GARCIA,27.0,STAAR - 6th Reading
679,22,57905083,SAM TASBY MIDDL,15.0,STAAR - 6th Reading
684,22,57905107,JOSE 'JOE' MAY,17.0,STAAR - 6th Reading
685,22,57905116,DAVID G BURNET,23.0,STAAR - 6th Reading
692,22,57905173,JESUS MOROLES E,47.0,STAAR - 6th Reading
695,22,57905194,K B POLK CENTER,43.0,STAAR - 6th Reading
696,22,57905206,ALEX SANGER PRE,62.0,STAAR - 6th Reading
697,22,57905211,STEVENS PARK EL,34.0,STAAR - 6th Reading
700,22,57905224,WALNUT HILL EL,42.0,STAAR - 6th Reading
705,22,57905271,JULIAN T SALDIV,32.0,STAAR - 6th Reading
707,22,57905278,LEONIDES GONZAL,39.0,STAAR - 6th Reading
708,22,57905306,SOLAR PREPARATO,68.0,STAAR - 6th Reading
710,22,57905352,YOUNG WOMEN'S S,37.0,STAAR - 6th Reading
711,22,57905353,ANN RICHARDS ST,32.0,STAAR - 6th Reading
713,22,57905359,ROSEMONT UPPER,70.0,STAAR - 6th Reading
714,22,57905360,D A HULCY STEAM,27.0,STAAR - 6th Reading
715,22,57905362,IGNITE MIDDLE,33.0,STAAR - 6th Reading
741,22,57910001,GRAND PRAIRIE F,66.0,STAAR - 6th Reading
746,22,57910050,RONALD W REAGAN,40.0,STAAR - 6th Reading
754,22,57912041,BOWIE MIDDLE,25.0,STAAR - 6th Reading
764,22,57914042,VANSTON MIDDLE,26.0,STAAR - 6th Reading
771,22,57914049,LANNY FRASIER M,29.0,STAAR - 6th Reading
776,22,57916104,GREENWOOD HILLS,24.0,STAAR - 6th Reading
786,22,57916114,STULTS ROAD EL,33.0,STAAR - 6th Reading
795,22,57916124,SPRINGRIDGE EL,57.0,STAAR - 6th Reading
797,22,57916126,SKYVIEW EL,29.0,STAAR - 6th Reading
806,22,57916135,AIKIN EL,31.0,STAAR - 6th Reading
809,22,57916143,FOREST LANE ACA,28.0,STAAR - 6th Reading
810,22,57916144,AUDELIA CREEK E,26.0,STAAR - 6th Reading
812,22,57916146,THURGOOD MARSHA,35.0,STAAR - 6th Reading
1543,22,108807086,IDEA RISE COLLE,41.0,STAAR - 6th Reading
1544,22,108807087,IDEA ACHIEVE CO,43.0,STAAR - 6th Reading
1558,22,108807202,IDEA EDGECLIFF,53.0,STAAR - 6th Reading
1562,22,108807206,IDEA SOUTHEAST,52.0,STAAR - 6th Reading
2260,22,220901103,CROW LEADERSHIP,22.0,STAAR - 6th Reading
2273,22,220901125,DUNN EL,42.0,STAAR - 6th Reading
2306,22,220901165,MCNUTT EL,34.0,STAAR - 6th Reading
2313,22,220902046,SMITHFIELD MIDD,68.0,STAAR - 6th Reading
2325,22,220905048,JAMES MIDDLE,15.0,STAAR - 6th Reading
2326,22,220905049,KIRKPATRICK MID,21.0,STAAR - 6th Reading
2328,22,220905051,MEACHAM MIDDLE,21.0,STAAR - 6th Reading
2329,22,220905052,MEADOWBROOK MID,18.0,STAAR - 6th Reading
2331,22,220905054,MORNINGSIDE MID,16.0,STAAR - 6th Reading
2333,22,220905056,RIVERSIDE MIDDL,21.0,STAAR - 6th Reading
2337,22,220905061,LEONARD MIDDLE,12.0,STAAR - 6th Reading
2338,22,220905062,INT'L NEWCOMER,0.0,STAAR - 6th Reading
2369,22,220908201,MARY ORR INT,41.0,STAAR - 6th Reading
2370,22,220908202,CROSS TIMBERS I,33.0,STAAR - 6th Reading
2407,22,220917041,IRMA MARSH MIDD,27.0,STAAR - 6th Reading
2525,22,227820071,KIPP TRUTH ACAD,24.0,STAAR - 6th Reading
2526,22,227820072,KIPP DESTINY MI,30.0,STAAR - 6th Reading
2527,22,227820073,KIPP PLEASANT G,31.0,STAAR - 6th Reading
574,22,57803011,UPLIFT GRAND SE,22.0,STAAR - 6th Math
575,22,57803012,UPLIFT LUNA SEC,47.0,STAAR - 6th Math
578,22,57803043,UPLIFT EDUCATIO,26.0,STAAR - 6th Math
579,22,57803044,UPLIFT HAMPTON,26.0,STAAR - 6th Math
580,22,57803045,UPLIFT WILLIAMS,36.0,STAAR - 6th Math
581,22,57803046,UPLIFT HEIGHTS,14.0,STAAR - 6th Math
582,22,57803047,UPLIFT SUMMIT I,22.0,STAAR - 6th Math
583,22,57803048,UPLIFT ATLAS PR,15.0,STAAR - 6th Math
584,22,57803049,UPLIFT MIGHTY M,12.0,STAAR - 6th Math
585,22,57803050,UPLIFT ELEVATE,33.0,STAAR - 6th Math
586,22,57803051,UPLIFT ASCEND M,19.0,STAAR - 6th Math
588,22,57807001,LIFE SCHOOL OAK,13.0,STAAR - 6th Math
592,22,57807105,LIFE SCHOOL MOU,24.0,STAAR - 6th Math
654,22,57905035,IRMA RANGEL YOU,59.0,STAAR - 6th Math
656,22,57905043,T W BROWNE MIDD,13.0,STAAR - 6th Math
657,22,57905045,E B COMSTOCK MI,9.0,STAAR - 6th Math
658,22,57905046,YOUNG MEN'S LEA,26.0,STAAR - 6th Math
660,22,57905048,W H GASTON MIDD,23.0,STAAR - 6th Math
661,22,57905049,W E GREINER EXP,49.0,STAAR - 6th Math
664,22,57905052,PIEDMONT GLOBAL,21.0,STAAR - 6th Math
666,22,57905054,THOMAS C MARSH,25.0,STAAR - 6th Math
667,22,57905055,THOMAS J RUSK M,17.0,STAAR - 6th Math
668,22,57905056,EWELL D WALKER,25.0,STAAR - 6th Math
669,22,57905058,ALEX W SPENCE T,24.0,STAAR - 6th Math
670,22,57905059,L V STOCKARD MI,29.0,STAAR - 6th Math
671,22,57905060,BOUDE STOREY MI,20.0,STAAR - 6th Math
672,22,57905062,BILLY EARL DADE,19.0,STAAR - 6th Math
673,22,57905069,SEAGOVILLE MIDD,20.0,STAAR - 6th Math
676,22,57905073,HENRY W LONGFEL,68.0,STAAR - 6th Math
677,22,57905076,HAROLD WENDELL,24.0,STAAR - 6th Math
678,22,57905077,HECTOR P GARCIA,18.0,STAAR - 6th Math
679,22,57905083,SAM TASBY MIDDL,31.0,STAAR - 6th Math
684,22,57905107,JOSE 'JOE' MAY,18.0,STAAR - 6th Math
685,22,57905116,DAVID G BURNET,21.0,STAAR - 6th Math
692,22,57905173,JESUS MOROLES E,21.0,STAAR - 6th Math
695,22,57905194,K B POLK CENTER,31.0,STAAR - 6th Math
696,22,57905206,ALEX SANGER PRE,53.0,STAAR - 6th Math
697,22,57905211,STEVENS PARK EL,29.0,STAAR - 6th Math
700,22,57905224,WALNUT HILL EL,55.0,STAAR - 6th Math
705,22,57905271,JULIAN T SALDIV,36.0,STAAR - 6th Math
707,22,57905278,LEONIDES GONZAL,56.0,STAAR - 6th Math
708,22,57905306,SOLAR PREPARATO,52.0,STAAR - 6th Math
710,22,57905352,YOUNG WOMEN'S S,39.0,STAAR - 6th Math
711,22,57905353,ANN RICHARDS ST,28.0,STAAR - 6th Math
713,22,57905359,ROSEMONT UPPER,59.0,STAAR - 6th Math
714,22,57905360,D A HULCY STEAM,31.0,STAAR - 6th Math
715,22,57905362,IGNITE MIDDLE,18.0,STAAR - 6th Math
741,22,57910001,GRAND PRAIRIE F,49.0,STAAR - 6th Math
746,22,57910050,RONALD W REAGAN,38.0,STAAR - 6th Math
754,22,57912041,BOWIE MIDDLE,7.0,STAAR - 6th Math
764,22,57914042,VANSTON MIDDLE,45.0,STAAR - 6th Math
771,22,57914049,LANNY FRASIER M,34.0,STAAR - 6th Math
776,22,57916104,GREENWOOD HILLS,26.0,STAAR - 6th Math
786,22,57916114,STULTS ROAD EL,41.0,STAAR - 6th Math
795,22,57916124,SPRINGRIDGE EL,61.0,STAAR - 6th Math
797,22,57916126,SKYVIEW EL,24.0,STAAR - 6th Math
806,22,57916135,AIKIN EL,23.0,STAAR - 6th Math
809,22,57916143,FOREST LANE ACA,36.0,STAAR - 6th Math
810,22,57916144,AUDELIA CREEK E,17.0,STAAR - 6th Math
812,22,57916146,THURGOOD MARSHA,37.0,STAAR - 6th Math
1543,22,108807086,IDEA RISE COLLE,75.0,STAAR - 6th Math
1544,22,108807087,IDEA ACHIEVE CO,49.0,STAAR - 6th Math
1558,22,108807202,IDEA EDGECLIFF,50.0,STAAR - 6th Math
1562,22,108807206,IDEA SOUTHEAST,45.0,STAAR - 6th Math
2260,22,220901103,CROW LEADERSHIP,23.0,STAAR - 6th Math
2273,22,220901125,DUNN EL,38.0,STAAR - 6th Math
2306,22,220901165,MCNUTT EL,23.0,STAAR - 6th Math
2313,22,220902046,SMITHFIELD MIDD,76.0,STAAR - 6th Math
2325,22,220905048,JAMES MIDDLE,9.0,STAAR - 6th Math
2326,22,220905049,KIRKPATRICK MID,29.0,STAAR - 6th Math
2328,22,220905051,MEACHAM MIDDLE,15.0,STAAR - 6th Math
2329,22,220905052,MEADOWBROOK MID,4.0,STAAR - 6th Math
2331,22,220905054,MORNINGSIDE MID,13.0,STAAR - 6th Math
2333,22,220905056,RIVERSIDE MIDDL,11.0,STAAR - 6th Math
2337,22,220905061,LEONARD MIDDLE,6.0,STAAR - 6th Math
2338,22,220905062,INT'L NEWCOMER,0.0,STAAR - 6th Math
2369,22,220908201,MARY ORR INT,51.0,STAAR - 6th Math
2370,22,220908202,CROSS TIMBERS I,30.0,STAAR - 6th Math
2407,22,220917041,IRMA MARSH MIDD,12.0,STAAR - 6th Math
2525,22,227820071,KIPP TRUTH ACAD,13.0,STAAR - 6th Math
2526,22,227820072,KIPP DESTINY MI,17.0,STAAR - 6th Math
2527,22,227820073,KIPP PLEASANT G,23.0,STAAR - 6th Math
493,22,57803011,UPLIFT GRAND SE,48.0,STAAR - 7th Reading
494,22,57803012,UPLIFT LUNA SEC,48.0,STAAR - 7th Reading
497,22,57803043,UPLIFT EDUCATIO,52.0,STAAR - 7th Reading
498,22,57803044,UPLIFT HAMPTON,45.0,STAAR - 7th Reading
499,22,57803045,UPLIFT WILLIAMS,43.0,STAAR - 7th Reading
500,22,57803046,UPLIFT HEIGHTS,45.0,STAAR - 7th Reading
501,22,57803047,UPLIFT SUMMIT I,52.0,STAAR - 7th Reading
502,22,57803048,UPLIFT ATLAS PR,45.0,STAAR - 7th Reading
503,22,57803049,UPLIFT MIGHTY M,42.0,STAAR - 7th Reading
504,22,57803050,UPLIFT ELEVATE,59.0,STAAR - 7th Reading
505,22,57803051,UPLIFT ASCEND M,48.0,STAAR - 7th Reading
507,22,57807001,LIFE SCHOOL OAK,33.0,STAAR - 7th Reading
564,22,57905012,L G PINKSTON H,30.0,STAAR - 7th Reading
565,22,57905035,IRMA RANGEL YOU,98.0,STAAR - 7th Reading
567,22,57905043,T W BROWNE MIDD,32.0,STAAR - 7th Reading
568,22,57905045,E B COMSTOCK MI,29.0,STAAR - 7th Reading
569,22,57905046,YOUNG MEN'S LEA,38.0,STAAR - 7th Reading
571,22,57905048,W H GASTON MIDD,38.0,STAAR - 7th Reading
572,22,57905049,W E GREINER EXP,51.0,STAAR - 7th Reading
575,22,57905052,PIEDMONT GLOBAL,31.0,STAAR - 7th Reading
577,22,57905054,THOMAS C MARSH,41.0,STAAR - 7th Reading
578,22,57905055,THOMAS J RUSK M,36.0,STAAR - 7th Reading
579,22,57905056,EWELL D WALKER,41.0,STAAR - 7th Reading
580,22,57905058,ALEX W SPENCE T,43.0,STAAR - 7th Reading
581,22,57905059,L V STOCKARD MI,40.0,STAAR - 7th Reading
582,22,57905060,BOUDE STOREY MI,36.0,STAAR - 7th Reading
583,22,57905062,BILLY EARL DADE,28.0,STAAR - 7th Reading
584,22,57905068,RAUL QUINTANILL,46.0,STAAR - 7th Reading
585,22,57905069,SEAGOVILLE MIDD,35.0,STAAR - 7th Reading
588,22,57905073,HENRY W LONGFEL,98.0,STAAR - 7th Reading
589,22,57905076,HAROLD WENDELL,26.0,STAAR - 7th Reading
590,22,57905077,HECTOR P GARCIA,42.0,STAAR - 7th Reading
591,22,57905079,FRANCISCO PANCH,22.0,STAAR - 7th Reading
592,22,57905083,SAM TASBY MIDDL,29.0,STAAR - 7th Reading
596,22,57905173,JESUS MOROLES E,55.0,STAAR - 7th Reading
598,22,57905194,K B POLK CENTER,50.0,STAAR - 7th Reading
599,22,57905206,ALEX SANGER PRE,54.0,STAAR - 7th Reading
602,22,57905224,WALNUT HILL EL,62.0,STAAR - 7th Reading
605,22,57905306,SOLAR PREPARATO,88.0,STAAR - 7th Reading
606,22,57905352,YOUNG WOMEN'S S,47.0,STAAR - 7th Reading
607,22,57905353,ANN RICHARDS ST,38.0,STAAR - 7th Reading
609,22,57905359,ROSEMONT UPPER,86.0,STAAR - 7th Reading
610,22,57905360,D A HULCY STEAM,67.0,STAAR - 7th Reading
611,22,57905362,IGNITE MIDDLE,49.0,STAAR - 7th Reading
635,22,57910001,GRAND PRAIRIE F,77.0,STAAR - 7th Reading
640,22,57910050,RONALD W REAGAN,64.0,STAAR - 7th Reading
649,22,57912041,BOWIE MIDDLE,42.0,STAAR - 7th Reading
659,22,57914042,VANSTON MIDDLE,38.0,STAAR - 7th Reading
666,22,57914049,LANNY FRASIER M,52.0,STAAR - 7th Reading
669,22,57916044,RICHARDSON WEST,69.0,STAAR - 7th Reading
671,22,57916047,FOREST MEADOW J,50.0,STAAR - 7th Reading
1361,22,108807086,IDEA RISE COLLE,72.0,STAAR - 7th Reading
1362,22,108807087,IDEA ACHIEVE CO,65.0,STAAR - 7th Reading
1376,22,108807202,IDEA EDGECLIFF,65.0,STAAR - 7th Reading
1990,22,220901041,CARTER J H,33.0,STAAR - 7th Reading
1995,22,220901050,WORKMAN J H,38.0,STAAR - 7th Reading
2005,22,220902046,SMITHFIELD MIDD,78.0,STAAR - 7th Reading
2013,22,220905048,JAMES MIDDLE,32.0,STAAR - 7th Reading
2014,22,220905049,KIRKPATRICK MID,34.0,STAAR - 7th Reading
2016,22,220905051,MEACHAM MIDDLE,36.0,STAAR - 7th Reading
2017,22,220905052,MEADOWBROOK MID,31.0,STAAR - 7th Reading
2019,22,220905054,MORNINGSIDE MID,28.0,STAAR - 7th Reading
2021,22,220905056,RIVERSIDE MIDDL,30.0,STAAR - 7th Reading
2025,22,220905060,WEDGWOOD MIDDLE,33.0,STAAR - 7th Reading
2026,22,220905061,LEONARD MIDDLE,33.0,STAAR - 7th Reading
2027,22,220905062,INT'L NEWCOMER,0.0,STAAR - 7th Reading
2052,22,220908045,JAMES COBLE MID,62.0,STAAR - 7th Reading
2063,22,220916041,CENTRAL J H,77.0,STAAR - 7th Reading
2068,22,220917041,IRMA MARSH MIDD,47.0,STAAR - 7th Reading
2185,22,227820071,KIPP TRUTH ACAD,41.0,STAAR - 7th Reading
2186,22,227820072,KIPP DESTINY MI,40.0,STAAR - 7th Reading
2187,22,227820073,KIPP PLEASANT G,40.0,STAAR - 7th Reading
493,22,57803011,UPLIFT GRAND SE,8.0,STAAR - 7th Math
494,22,57803012,UPLIFT LUNA SEC,22.0,STAAR - 7th Math
497,22,57803043,UPLIFT EDUCATIO,4.0,STAAR - 7th Math
498,22,57803044,UPLIFT HAMPTON,18.0,STAAR - 7th Math
499,22,57803045,UPLIFT WILLIAMS,12.0,STAAR - 7th Math
500,22,57803046,UPLIFT HEIGHTS,26.0,STAAR - 7th Math
501,22,57803047,UPLIFT SUMMIT I,15.0,STAAR - 7th Math
502,22,57803048,UPLIFT ATLAS PR,12.0,STAAR - 7th Math
503,22,57803049,UPLIFT MIGHTY M,6.0,STAAR - 7th Math
504,22,57803050,UPLIFT ELEVATE,35.0,STAAR - 7th Math
505,22,57803051,UPLIFT ASCEND M,13.0,STAAR - 7th Math
507,22,57807001,LIFE SCHOOL OAK,14.0,STAAR - 7th Math
564,22,57905012,L G PINKSTON H,1.0,STAAR - 7th Math
565,22,57905035,IRMA RANGEL YOU,,STAAR - 7th Math
567,22,57905043,T W BROWNE MIDD,,STAAR - 7th Math
568,22,57905045,E B COMSTOCK MI,4.0,STAAR - 7th Math
569,22,57905046,YOUNG MEN'S LEA,11.0,STAAR - 7th Math
571,22,57905048,W H GASTON MIDD,2.0,STAAR - 7th Math
572,22,57905049,W E GREINER EXP,11.0,STAAR - 7th Math
575,22,57905052,PIEDMONT GLOBAL,9.0,STAAR - 7th Math
577,22,57905054,THOMAS C MARSH,,STAAR - 7th Math
578,22,57905055,THOMAS J RUSK M,5.0,STAAR - 7th Math
579,22,57905056,EWELL D WALKER,,STAAR - 7th Math
580,22,57905058,ALEX W SPENCE T,6.0,STAAR - 7th Math
581,22,57905059,L V STOCKARD MI,8.0,STAAR - 7th Math
582,22,57905060,BOUDE STOREY MI,,STAAR - 7th Math
583,22,57905062,BILLY EARL DADE,14.0,STAAR - 7th Math
584,22,57905068,RAUL QUINTANILL,0.0,STAAR - 7th Math
585,22,57905069,SEAGOVILLE MIDD,6.0,STAAR - 7th Math
588,22,57905073,HENRY W LONGFEL,,STAAR - 7th Math
589,22,57905076,HAROLD WENDELL,2.0,STAAR - 7th Math
590,22,57905077,HECTOR P GARCIA,7.0,STAAR - 7th Math
591,22,57905079,FRANCISCO PANCH,,STAAR - 7th Math
592,22,57905083,SAM TASBY MIDDL,,STAAR - 7th Math
596,22,57905173,JESUS MOROLES E,12.0,STAAR - 7th Math
598,22,57905194,K B POLK CENTER,21.0,STAAR - 7th Math
599,22,57905206,ALEX SANGER PRE,,STAAR - 7th Math
602,22,57905224,WALNUT HILL EL,,STAAR - 7th Math
605,22,57905306,SOLAR PREPARATO,,STAAR - 7th Math
606,22,57905352,YOUNG WOMEN'S S,8.0,STAAR - 7th Math
607,22,57905353,ANN RICHARDS ST,2.0,STAAR - 7th Math
609,22,57905359,ROSEMONT UPPER,39.0,STAAR - 7th Math
610,22,57905360,D A HULCY STEAM,34.0,STAAR - 7th Math
611,22,57905362,IGNITE MIDDLE,7.0,STAAR - 7th Math
635,22,57910001,GRAND PRAIRIE F,35.0,STAAR - 7th Math
640,22,57910050,RONALD W REAGAN,21.0,STAAR - 7th Math
649,22,57912041,BOWIE MIDDLE,22.0,STAAR - 7th Math
659,22,57914042,VANSTON MIDDLE,5.0,STAAR - 7th Math
666,22,57914049,LANNY FRASIER M,10.0,STAAR - 7th Math
669,22,57916044,RICHARDSON WEST,10.0,STAAR - 7th Math
671,22,57916047,FOREST MEADOW J,4.0,STAAR - 7th Math
1361,22,108807086,IDEA RISE COLLE,65.0,STAAR - 7th Math
1362,22,108807087,IDEA ACHIEVE CO,41.0,STAAR - 7th Math
1376,22,108807202,IDEA EDGECLIFF,49.0,STAAR - 7th Math
1990,22,220901041,CARTER J H,12.0,STAAR - 7th Math
1995,22,220901050,WORKMAN J H,17.0,STAAR - 7th Math
2005,22,220902046,SMITHFIELD MIDD,83.0,STAAR - 7th Math
2013,22,220905048,JAMES MIDDLE,3.0,STAAR - 7th Math
2014,22,220905049,KIRKPATRICK MID,8.0,STAAR - 7th Math
2016,22,220905051,MEACHAM MIDDLE,0.0,STAAR - 7th Math
2017,22,220905052,MEADOWBROOK MID,4.0,STAAR - 7th Math
2019,22,220905054,MORNINGSIDE MID,1.0,STAAR - 7th Math
2021,22,220905056,RIVERSIDE MIDDL,6.0,STAAR - 7th Math
2025,22,220905060,WEDGWOOD MIDDLE,4.0,STAAR - 7th Math
2026,22,220905061,LEONARD MIDDLE,4.0,STAAR - 7th Math
2027,22,220905062,INT'L NEWCOMER,0.0,STAAR - 7th Math
2052,22,220908045,JAMES COBLE MID,40.0,STAAR - 7th Math
2063,22,220916041,CENTRAL J H,55.0,STAAR - 7th Math
2068,22,220917041,IRMA MARSH MIDD,5.0,STAAR - 7th Math
2185,22,227820071,KIPP TRUTH ACAD,15.0,STAAR - 7th Math
2186,22,227820072,KIPP DESTINY MI,9.0,STAAR - 7th Math
2187,22,227820073,KIPP PLEASANT G,16.0,STAAR - 7th Math
499,22,57803011,UPLIFT GRAND SE,53.0,STAAR - 8th Reading
500,22,57803012,UPLIFT LUNA SEC,39.0,STAAR - 8th Reading
503,22,57803043,UPLIFT EDUCATIO,62.0,STAAR - 8th Reading
504,22,57803044,UPLIFT HAMPTON,43.0,STAAR - 8th Reading
505,22,57803045,UPLIFT WILLIAMS,51.0,STAAR - 8th Reading
506,22,57803046,UPLIFT HEIGHTS,40.0,STAAR - 8th Reading
507,22,57803047,UPLIFT SUMMIT I,46.0,STAAR - 8th Reading
508,22,57803048,UPLIFT ATLAS PR,62.0,STAAR - 8th Reading
509,22,57803049,UPLIFT MIGHTY M,39.0,STAAR - 8th Reading
510,22,57803050,UPLIFT ELEVATE,66.0,STAAR - 8th Reading
511,22,57803051,UPLIFT ASCEND M,53.0,STAAR - 8th Reading
513,22,57807001,LIFE SCHOOL OAK,39.0,STAAR - 8th Reading
568,22,57905012,L G PINKSTON H,35.0,STAAR - 8th Reading
569,22,57905035,IRMA RANGEL YOU,100.0,STAAR - 8th Reading
571,22,57905043,T W BROWNE MIDD,45.0,STAAR - 8th Reading
572,22,57905045,E B COMSTOCK MI,32.0,STAAR - 8th Reading
573,22,57905046,YOUNG MEN'S LEA,31.0,STAAR - 8th Reading
575,22,57905048,W H GASTON MIDD,48.0,STAAR - 8th Reading
576,22,57905049,W E GREINER EXP,60.0,STAAR - 8th Reading
579,22,57905052,PIEDMONT GLOBAL,37.0,STAAR - 8th Reading
581,22,57905054,THOMAS C MARSH,37.0,STAAR - 8th Reading
582,22,57905055,THOMAS J RUSK M,49.0,STAAR - 8th Reading
583,22,57905056,EWELL D WALKER,47.0,STAAR - 8th Reading
584,22,57905058,ALEX W SPENCE T,28.0,STAAR - 8th Reading
585,22,57905059,L V STOCKARD MI,47.0,STAAR - 8th Reading
586,22,57905060,BOUDE STOREY MI,34.0,STAAR - 8th Reading
587,22,57905062,BILLY EARL DADE,28.0,STAAR - 8th Reading
588,22,57905068,RAUL QUINTANILL,44.0,STAAR - 8th Reading
589,22,57905069,SEAGOVILLE MIDD,38.0,STAAR - 8th Reading
592,22,57905073,HENRY W LONGFEL,96.0,STAAR - 8th Reading
593,22,57905076,HAROLD WENDELL,33.0,STAAR - 8th Reading
594,22,57905077,HECTOR P GARCIA,43.0,STAAR - 8th Reading
595,22,57905079,FRANCISCO PANCH,35.0,STAAR - 8th Reading
596,22,57905083,SAM TASBY MIDDL,33.0,STAAR - 8th Reading
600,22,57905173,JESUS MOROLES E,65.0,STAAR - 8th Reading
602,22,57905194,K B POLK CENTER,,STAAR - 8th Reading
603,22,57905206,ALEX SANGER PRE,60.0,STAAR - 8th Reading
606,22,57905224,WALNUT HILL EL,,STAAR - 8th Reading
609,22,57905306,SOLAR PREPARATO,,STAAR - 8th Reading
610,22,57905352,YOUNG WOMEN'S S,42.0,STAAR - 8th Reading
611,22,57905353,ANN RICHARDS ST,43.0,STAAR - 8th Reading
613,22,57905359,ROSEMONT UPPER,82.0,STAAR - 8th Reading
614,22,57905360,D A HULCY STEAM,74.0,STAAR - 8th Reading
615,22,57905362,IGNITE MIDDLE,43.0,STAAR - 8th Reading
639,22,57910001,GRAND PRAIRIE F,80.0,STAAR - 8th Reading
644,22,57910050,RONALD W REAGAN,51.0,STAAR - 8th Reading
652,22,57912041,BOWIE MIDDLE,39.0,STAAR - 8th Reading
662,22,57914042,VANSTON MIDDLE,50.0,STAAR - 8th Reading
669,22,57914049,LANNY FRASIER M,47.0,STAAR - 8th Reading
672,22,57916044,RICHARDSON WEST,56.0,STAAR - 8th Reading
674,22,57916047,FOREST MEADOW J,45.0,STAAR - 8th Reading
1359,22,108807086,IDEA RISE COLLE,69.0,STAAR - 8th Reading
1360,22,108807087,IDEA ACHIEVE CO,59.0,STAAR - 8th Reading
1998,22,220901041,CARTER J H,31.0,STAAR - 8th Reading
2003,22,220901050,WORKMAN J H,41.0,STAAR - 8th Reading
2013,22,220902046,SMITHFIELD MIDD,78.0,STAAR - 8th Reading
2023,22,220905048,JAMES MIDDLE,36.0,STAAR - 8th Reading
2024,22,220905049,KIRKPATRICK MID,44.0,STAAR - 8th Reading
2026,22,220905051,MEACHAM MIDDLE,34.0,STAAR - 8th Reading
2027,22,220905052,MEADOWBROOK MID,39.0,STAAR - 8th Reading
2029,22,220905054,MORNINGSIDE MID,26.0,STAAR - 8th Reading
2031,22,220905056,RIVERSIDE MIDDL,34.0,STAAR - 8th Reading
2035,22,220905060,WEDGWOOD MIDDLE,25.0,STAAR - 8th Reading
2036,22,220905061,LEONARD MIDDLE,25.0,STAAR - 8th Reading
2037,22,220905062,INT'L NEWCOMER,0.0,STAAR - 8th Reading
2067,22,220908045,JAMES COBLE MID,57.0,STAAR - 8th Reading
2079,22,220916041,CENTRAL J H,74.0,STAAR - 8th Reading
2084,22,220917041,IRMA MARSH MIDD,43.0,STAAR - 8th Reading
2200,22,227820071,KIPP TRUTH ACAD,40.0,STAAR - 8th Reading
2201,22,227820072,KIPP DESTINY MI,53.0,STAAR - 8th Reading
2202,22,227820073,KIPP PLEASANT G,49.0,STAAR - 8th Reading
499,22,57803011,UPLIFT GRAND SE,19.0,STAAR - 8th Math
500,22,57803012,UPLIFT LUNA SEC,16.0,STAAR - 8th Math
503,22,57803043,UPLIFT EDUCATIO,32.0,STAAR - 8th Math
504,22,57803044,UPLIFT HAMPTON,11.0,STAAR - 8th Math
505,22,57803045,UPLIFT WILLIAMS,37.0,STAAR - 8th Math
506,22,57803046,UPLIFT HEIGHTS,8.0,STAAR - 8th Math
507,22,57803047,UPLIFT SUMMIT I,18.0,STAAR - 8th Math
508,22,57803048,UPLIFT ATLAS PR,25.0,STAAR - 8th Math
509,22,57803049,UPLIFT MIGHTY M,6.0,STAAR - 8th Math
510,22,57803050,UPLIFT ELEVATE,15.0,STAAR - 8th Math
511,22,57803051,UPLIFT ASCEND M,,STAAR - 8th Math
513,22,57807001,LIFE SCHOOL OAK,9.0,STAAR - 8th Math
568,22,57905012,L G PINKSTON H,22.0,STAAR - 8th Math
569,22,57905035,IRMA RANGEL YOU,90.0,STAAR - 8th Math
571,22,57905043,T W BROWNE MIDD,15.0,STAAR - 8th Math
572,22,57905045,E B COMSTOCK MI,17.0,STAAR - 8th Math
573,22,57905046,YOUNG MEN'S LEA,27.0,STAAR - 8th Math
575,22,57905048,W H GASTON MIDD,28.0,STAAR - 8th Math
576,22,57905049,W E GREINER EXP,49.0,STAAR - 8th Math
579,22,57905052,PIEDMONT GLOBAL,27.0,STAAR - 8th Math
581,22,57905054,THOMAS C MARSH,31.0,STAAR - 8th Math
582,22,57905055,THOMAS J RUSK M,37.0,STAAR - 8th Math
583,22,57905056,EWELL D WALKER,21.0,STAAR - 8th Math
584,22,57905058,ALEX W SPENCE T,45.0,STAAR - 8th Math
585,22,57905059,L V STOCKARD MI,38.0,STAAR - 8th Math
586,22,57905060,BOUDE STOREY MI,19.0,STAAR - 8th Math
587,22,57905062,BILLY EARL DADE,27.0,STAAR - 8th Math
588,22,57905068,RAUL QUINTANILL,29.0,STAAR - 8th Math
589,22,57905069,SEAGOVILLE MIDD,17.0,STAAR - 8th Math
592,22,57905073,HENRY W LONGFEL,85.0,STAAR - 8th Math
593,22,57905076,HAROLD WENDELL,21.0,STAAR - 8th Math
594,22,57905077,HECTOR P GARCIA,54.0,STAAR - 8th Math
595,22,57905079,FRANCISCO PANCH,26.0,STAAR - 8th Math
596,22,57905083,SAM TASBY MIDDL,36.0,STAAR - 8th Math
600,22,57905173,JESUS MOROLES E,48.0,STAAR - 8th Math
602,22,57905194,K B POLK CENTER,24.0,STAAR - 8th Math
603,22,57905206,ALEX SANGER PRE,21.0,STAAR - 8th Math
606,22,57905224,WALNUT HILL EL,24.0,STAAR - 8th Math
609,22,57905306,SOLAR PREPARATO,86.0,STAAR - 8th Math
610,22,57905352,YOUNG WOMEN'S S,59.0,STAAR - 8th Math
611,22,57905353,ANN RICHARDS ST,25.0,STAAR - 8th Math
613,22,57905359,ROSEMONT UPPER,91.0,STAAR - 8th Math
614,22,57905360,D A HULCY STEAM,62.0,STAAR - 8th Math
615,22,57905362,IGNITE MIDDLE,15.0,STAAR - 8th Math
639,22,57910001,GRAND PRAIRIE F,74.0,STAAR - 8th Math
644,22,57910050,RONALD W REAGAN,36.0,STAAR - 8th Math
652,22,57912041,BOWIE MIDDLE,22.0,STAAR - 8th Math
662,22,57914042,VANSTON MIDDLE,34.0,STAAR - 8th Math
669,22,57914049,LANNY FRASIER M,38.0,STAAR - 8th Math
672,22,57916044,RICHARDSON WEST,40.0,STAAR - 8th Math
674,22,57916047,FOREST MEADOW J,44.0,STAAR - 8th Math
1359,22,108807086,IDEA RISE COLLE,,STAAR - 8th Math
1360,22,108807087,IDEA ACHIEVE CO,,STAAR - 8th Math
1998,22,220901041,CARTER J H,19.0,STAAR - 8th Math
2003,22,220901050,WORKMAN J H,14.0,STAAR - 8th Math
2013,22,220902046,SMITHFIELD MIDD,82.0,STAAR - 8th Math
2023,22,220905048,JAMES MIDDLE,13.0,STAAR - 8th Math
2024,22,220905049,KIRKPATRICK MID,20.0,STAAR - 8th Math
2026,22,220905051,MEACHAM MIDDLE,10.0,STAAR - 8th Math
2027,22,220905052,MEADOWBROOK MID,15.0,STAAR - 8th Math
2029,22,220905054,MORNINGSIDE MID,11.0,STAAR - 8th Math
2031,22,220905056,RIVERSIDE MIDDL,12.0,STAAR - 8th Math
2035,22,220905060,WEDGWOOD MIDDLE,9.0,STAAR - 8th Math
2036,22,220905061,LEONARD MIDDLE,10.0,STAAR - 8th Math
2037,22,220905062,INT'L NEWCOMER,0.0,STAAR - 8th Math
2067,22,220908045,JAMES COBLE MID,31.0,STAAR - 8th Math
2079,22,220916041,CENTRAL J H,66.0,STAAR - 8th Math
2084,22,220917041,IRMA MARSH MIDD,25.0,STAAR - 8th Math
2200,22,227820071,KIPP TRUTH ACAD,,STAAR - 8th Math
2201,22,227820072,KIPP DESTINY MI,,STAAR - 8th Math
2202,22,227820073,KIPP PLEASANT G,,STAAR - 8th Math
499,22,57803011,UPLIFT GRAND SE,23.0,STAAR - 8th Science
500,22,57803012,UPLIFT LUNA SEC,29.0,STAAR - 8th Science
503,22,57803043,UPLIFT EDUCATIO,28.0,STAAR - 8th Science
504,22,57803044,UPLIFT HAMPTON,23.0,STAAR - 8th Science
505,22,57803045,UPLIFT WILLIAMS,55.0,STAAR - 8th Science
506,22,57803046,UPLIFT HEIGHTS,20.0,STAAR - 8th Science
507,22,57803047,UPLIFT SUMMIT I,34.0,STAAR - 8th Science
508,22,57803048,UPLIFT ATLAS PR,36.0,STAAR - 8th Science
509,22,57803049,UPLIFT MIGHTY M,10.0,STAAR - 8th Science
510,22,57803050,UPLIFT ELEVATE,41.0,STAAR - 8th Science
511,22,57803051,UPLIFT ASCEND M,37.0,STAAR - 8th Science
513,22,57807001,LIFE SCHOOL OAK,20.0,STAAR - 8th Science
568,22,57905012,L G PINKSTON H,25.0,STAAR - 8th Science
569,22,57905035,IRMA RANGEL YOU,74.0,STAAR - 8th Science
571,22,57905043,T W BROWNE MIDD,13.0,STAAR - 8th Science
572,22,57905045,E B COMSTOCK MI,12.0,STAAR - 8th Science
573,22,57905046,YOUNG MEN'S LEA,33.0,STAAR - 8th Science
575,22,57905048,W H GASTON MIDD,30.0,STAAR - 8th Science
576,22,57905049,W E GREINER EXP,28.0,STAAR - 8th Science
579,22,57905052,PIEDMONT GLOBAL,14.0,STAAR - 8th Science
581,22,57905054,THOMAS C MARSH,26.0,STAAR - 8th Science
582,22,57905055,THOMAS J RUSK M,37.0,STAAR - 8th Science
583,22,57905056,EWELL D WALKER,21.0,STAAR - 8th Science
584,22,57905058,ALEX W SPENCE T,32.0,STAAR - 8th Science
585,22,57905059,L V STOCKARD MI,26.0,STAAR - 8th Science
586,22,57905060,BOUDE STOREY MI,15.0,STAAR - 8th Science
587,22,57905062,BILLY EARL DADE,14.0,STAAR - 8th Science
588,22,57905068,RAUL QUINTANILL,28.0,STAAR - 8th Science
589,22,57905069,SEAGOVILLE MIDD,19.0,STAAR - 8th Science
592,22,57905073,HENRY W LONGFEL,86.0,STAAR - 8th Science
593,22,57905076,HAROLD WENDELL,17.0,STAAR - 8th Science
594,22,57905077,HECTOR P GARCIA,14.0,STAAR - 8th Science
595,22,57905079,FRANCISCO PANCH,17.0,STAAR - 8th Science
596,22,57905083,SAM TASBY MIDDL,27.0,STAAR - 8th Science
600,22,57905173,JESUS MOROLES E,37.0,STAAR - 8th Science
602,22,57905194,K B POLK CENTER,32.0,STAAR - 8th Science
603,22,57905206,ALEX SANGER PRE,16.0,STAAR - 8th Science
606,22,57905224,WALNUT HILL EL,14.0,STAAR - 8th Science
609,22,57905306,SOLAR PREPARATO,67.0,STAAR - 8th Science
610,22,57905352,YOUNG WOMEN'S S,32.0,STAAR - 8th Science
611,22,57905353,ANN RICHARDS ST,18.0,STAAR - 8th Science
613,22,57905359,ROSEMONT UPPER,57.0,STAAR - 8th Science
614,22,57905360,D A HULCY STEAM,35.0,STAAR - 8th Science
615,22,57905362,IGNITE MIDDLE,14.0,STAAR - 8th Science
639,22,57910001,GRAND PRAIRIE F,62.0,STAAR - 8th Science
644,22,57910050,RONALD W REAGAN,48.0,STAAR - 8th Science
652,22,57912041,BOWIE MIDDLE,26.0,STAAR - 8th Science
662,22,57914042,VANSTON MIDDLE,51.0,STAAR - 8th Science
669,22,57914049,LANNY FRASIER M,42.0,STAAR - 8th Science
672,22,57916044,RICHARDSON WEST,52.0,STAAR - 8th Science
674,22,57916047,FOREST MEADOW J,36.0,STAAR - 8th Science
1359,22,108807086,IDEA RISE COLLE,,STAAR - 8th Science
1360,22,108807087,IDEA ACHIEVE CO,,STAAR - 8th Science
1998,22,220901041,CARTER J H,21.0,STAAR - 8th Science
2003,22,220901050,WORKMAN J H,29.0,STAAR - 8th Science
2013,22,220902046,SMITHFIELD MIDD,67.0,STAAR - 8th Science
2023,22,220905048,JAMES MIDDLE,13.0,STAAR - 8th Science
2024,22,220905049,KIRKPATRICK MID,21.0,STAAR - 8th Science
2026,22,220905051,MEACHAM MIDDLE,17.0,STAAR - 8th Science
2027,22,220905052,MEADOWBROOK MID,21.0,STAAR - 8th Science
2029,22,220905054,MORNINGSIDE MID,13.0,STAAR - 8th Science
2031,22,220905056,RIVERSIDE MIDDL,14.0,STAAR - 8th Science
2035,22,220905060,WEDGWOOD MIDDLE,8.0,STAAR - 8th Science
2036,22,220905061,LEONARD MIDDLE,11.0,STAAR - 8th Science
2037,22,220905062,INT'L NEWCOMER,0.0,STAAR - 8th Science
2067,22,220908045,JAMES COBLE MID,44.0,STAAR - 8th Science
2079,22,220916041,CENTRAL J H,69.0,STAAR - 8th Science
2084,22,220917041,IRMA MARSH MIDD,28.0,STAAR - 8th Science
2200,22,227820071,KIPP TRUTH ACAD,31.0,STAAR - 8th Science
2201,22,227820072,KIPP DESTINY MI,23.0,STAAR - 8th Science
2202,22,227820073,KIPP PLEASANT G,29.0,STAAR - 8th Science
499,22,57803011,UPLIFT GRAND SE,9.0,STAAR - 8th Social Studies
500,22,57803012,UPLIFT LUNA SEC,2.0,STAAR - 8th Social Studies
503,22,57803043,UPLIFT EDUCATIO,22.0,STAAR - 8th Social Studies
504,22,57803044,UPLIFT HAMPTON,7.0,STAAR - 8th Social Studies
505,22,57803045,UPLIFT WILLIAMS,36.0,STAAR - 8th Social Studies
506,22,57803046,UPLIFT HEIGHTS,4.0,STAAR - 8th Social Studies
507,22,57803047,UPLIFT SUMMIT I,17.0,STAAR - 8th Social Studies
508,22,57803048,UPLIFT ATLAS PR,3.0,STAAR - 8th Social Studies
509,22,57803049,UPLIFT MIGHTY M,4.0,STAAR - 8th Social Studies
510,22,57803050,UPLIFT ELEVATE,22.0,STAAR - 8th Social Studies
511,22,57803051,UPLIFT ASCEND M,5.0,STAAR - 8th Social Studies
513,22,57807001,LIFE SCHOOL OAK,7.0,STAAR - 8th Social Studies
568,22,57905012,L G PINKSTON H,2.0,STAAR - 8th Social Studies
569,22,57905035,IRMA RANGEL YOU,74.0,STAAR - 8th Social Studies
571,22,57905043,T W BROWNE MIDD,13.0,STAAR - 8th Social Studies
572,22,57905045,E B COMSTOCK MI,5.0,STAAR - 8th Social Studies
573,22,57905046,YOUNG MEN'S LEA,18.0,STAAR - 8th Social Studies
575,22,57905048,W H GASTON MIDD,27.0,STAAR - 8th Social Studies
576,22,57905049,W E GREINER EXP,22.0,STAAR - 8th Social Studies
579,22,57905052,PIEDMONT GLOBAL,12.0,STAAR - 8th Social Studies
581,22,57905054,THOMAS C MARSH,12.0,STAAR - 8th Social Studies
582,22,57905055,THOMAS J RUSK M,21.0,STAAR - 8th Social Studies
583,22,57905056,EWELL D WALKER,19.0,STAAR - 8th Social Studies
584,22,57905058,ALEX W SPENCE T,28.0,STAAR - 8th Social Studies
585,22,57905059,L V STOCKARD MI,14.0,STAAR - 8th Social Studies
586,22,57905060,BOUDE STOREY MI,7.0,STAAR - 8th Social Studies
587,22,57905062,BILLY EARL DADE,9.0,STAAR - 8th Social Studies
588,22,57905068,RAUL QUINTANILL,24.0,STAAR - 8th Social Studies
589,22,57905069,SEAGOVILLE MIDD,9.0,STAAR - 8th Social Studies
592,22,57905073,HENRY W LONGFEL,74.0,STAAR - 8th Social Studies
593,22,57905076,HAROLD WENDELL,6.0,STAAR - 8th Social Studies
594,22,57905077,HECTOR P GARCIA,8.0,STAAR - 8th Social Studies
595,22,57905079,FRANCISCO PANCH,7.0,STAAR - 8th Social Studies
596,22,57905083,SAM TASBY MIDDL,6.0,STAAR - 8th Social Studies
600,22,57905173,JESUS MOROLES E,24.0,STAAR - 8th Social Studies
602,22,57905194,K B POLK CENTER,,STAAR - 8th Social Studies
603,22,57905206,ALEX SANGER PRE,35.0,STAAR - 8th Social Studies
606,22,57905224,WALNUT HILL EL,,STAAR - 8th Social Studies
609,22,57905306,SOLAR PREPARATO,,STAAR - 8th Social Studies
610,22,57905352,YOUNG WOMEN'S S,19.0,STAAR - 8th Social Studies
611,22,57905353,ANN RICHARDS ST,11.0,STAAR - 8th Social Studies
613,22,57905359,ROSEMONT UPPER,23.0,STAAR - 8th Social Studies
614,22,57905360,D A HULCY STEAM,59.0,STAAR - 8th Social Studies
615,22,57905362,IGNITE MIDDLE,26.0,STAAR - 8th Social Studies
639,22,57910001,GRAND PRAIRIE F,34.0,STAAR - 8th Social Studies
644,22,57910050,RONALD W REAGAN,32.0,STAAR - 8th Social Studies
652,22,57912041,BOWIE MIDDLE,9.0,STAAR - 8th Social Studies
662,22,57914042,VANSTON MIDDLE,17.0,STAAR - 8th Social Studies
669,22,57914049,LANNY FRASIER M,15.0,STAAR - 8th Social Studies
672,22,57916044,RICHARDSON WEST,37.0,STAAR - 8th Social Studies
674,22,57916047,FOREST MEADOW J,29.0,STAAR - 8th Social Studies
1359,22,108807086,IDEA RISE COLLE,56.0,STAAR - 8th Social Studies
1360,22,108807087,IDEA ACHIEVE CO,22.0,STAAR - 8th Social Studies
1998,22,220901041,CARTER J H,11.0,STAAR - 8th Social Studies
2003,22,220901050,WORKMAN J H,11.0,STAAR - 8th Social Studies
2013,22,220902046,SMITHFIELD MIDD,49.0,STAAR - 8th Social Studies
2023,22,220905048,JAMES MIDDLE,12.0,STAAR - 8th Social Studies
2024,22,220905049,KIRKPATRICK MID,17.0,STAAR - 8th Social Studies
2026,22,220905051,MEACHAM MIDDLE,8.0,STAAR - 8th Social Studies
2027,22,220905052,MEADOWBROOK MID,6.0,STAAR - 8th Social Studies
2029,22,220905054,MORNINGSIDE MID,4.0,STAAR - 8th Social Studies
2031,22,220905056,RIVERSIDE MIDDL,8.0,STAAR - 8th Social Studies
2035,22,220905060,WEDGWOOD MIDDLE,6.0,STAAR - 8th Social Studies
2036,22,220905061,LEONARD MIDDLE,10.0,STAAR - 8th Social Studies
2037,22,220905062,INT'L NEWCOMER,0.0,STAAR - 8th Social Studies
2067,22,220908045,JAMES COBLE MID,26.0,STAAR - 8th Social Studies
2079,22,220916041,CENTRAL J H,61.0,STAAR - 8th Social Studies
2084,22,220917041,IRMA MARSH MIDD,13.0,STAAR - 8th Social Studies
2200,22,227820071,KIPP TRUTH ACAD,10.0,STAAR - 8th Social Studies
2201,22,227820072,KIPP DESTINY MI,11.0,STAAR - 8th Social Studies
2202,22,227820073,KIPP PLEASANT G,4.0,STAAR - 8th Social Studies
